/home/palm/PycharmProjects/seven/data1/0/195.jpg,252,25,947,673,Moccona Trio Espresso 90g
/home/palm/PycharmProjects/seven/data1/0/186.jpg,282,279,1068,1219,Moccona Trio rich and smooth 90g
/home/palm/PycharmProjects/seven/data1/0/1.jpg,64,141,464,573,Take-it Black
/home/palm/PycharmProjects/seven/data1/0/1.jpg,324,391,676,801,Take-it Red
/home/palm/PycharmProjects/seven/data1/0/1.jpg,246,769,530,1183,Kitkat thai tea
/home/palm/PycharmProjects/seven/data1/0/1.jpg,512,723,978,1137,Kitkat red 35g
/home/palm/PycharmProjects/seven/data1/0/1.jpg,638,445,1018,851,Kitkat green tea 35g
/home/palm/PycharmProjects/seven/data1/0/307.jpg,438,377,1080,1017,Lay_ori_27g
/home/palm/PycharmProjects/seven/data1/0/307.jpg,144,723,481,1175,Birdy robusta can 180ml
/home/palm/PycharmProjects/seven/data1/0/133.jpg,92,395,219,892,Mentos mint 37g
/home/palm/PycharmProjects/seven/data1/0/133.jpg,292,473,814,625,Mentos fruit 37g
/home/palm/PycharmProjects/seven/data1/0/133.jpg,288,709,420,1259,Mentos sour mix 37g
/home/palm/PycharmProjects/seven/data1/0/13.jpg,146,353,440,769,Kitkat red 35g
/home/palm/PycharmProjects/seven/data1/0/13.jpg,1,453,134,793,Kitkat green tea 35g
/home/palm/PycharmProjects/seven/data1/0/13.jpg,318,403,636,797,Take-it Red
/home/palm/PycharmProjects/seven/data1/0/13.jpg,622,647,1042,1129,Ferrero 37.5g
/home/palm/PycharmProjects/seven/data1/0/13.jpg,430,929,966,1383,Break 23.5g
/home/palm/PycharmProjects/seven/data1/0/13.jpg,82,759,414,1249,Take-it Black
/home/palm/PycharmProjects/seven/data1/0/13.jpg,194,1131,758,1761,Kitkat thai tea
/home/palm/PycharmProjects/seven/data1/0/214.jpg,20,146,485,589,Kellogg's corn flakes 25g
/home/palm/PycharmProjects/seven/data1/0/214.jpg,124,956,959,1569,Moccona Trio Gold 100g
/home/palm/PycharmProjects/seven/data1/0/55.jpg,14,1127,616,1341,Mentos sour mix 37g
/home/palm/PycharmProjects/seven/data1/0/55.jpg,618,977,1080,1641,M&M peanut 40g
/home/palm/PycharmProjects/seven/data1/0/55.jpg,366,681,812,1107,Mentos fruit 37g
/home/palm/PycharmProjects/seven/data1/0/55.jpg,1,723,366,1102,Almond_bar
/home/palm/PycharmProjects/seven/data1/0/55.jpg,1,334,668,943,Almond_Fried_56G
/home/palm/PycharmProjects/seven/data1/0/251.jpg,593,591,1011,1128,Pocky cookie and cream 45g
/home/palm/PycharmProjects/seven/data1/0/251.jpg,1,453,562,690,Pocky macha 45g
/home/palm/PycharmProjects/seven/data1/0/251.jpg,1,810,564,1335,Kellogg's corn flakes 25g
/home/palm/PycharmProjects/seven/data1/0/251.jpg,1,619,288,828,Pocky chocolate 45g
/home/palm/PycharmProjects/seven/data1/0/254.jpg,553,623,1080,1077,Pocky cookie and cream 45g
/home/palm/PycharmProjects/seven/data1/0/254.jpg,35,387,561,664,Pocky macha 45g
/home/palm/PycharmProjects/seven/data1/0/254.jpg,1,748,716,1405,Lay_ori_27g
/home/palm/PycharmProjects/seven/data1/0/254.jpg,1,585,326,788,Pocky chocolate 45g
/home/palm/PycharmProjects/seven/data1/0/71.jpg,1,693,300,926,Abacus pink 30g
/home/palm/PycharmProjects/seven/data1/0/71.jpg,78,922,260,1400,Abacus stick 15g
/home/palm/PycharmProjects/seven/data1/0/71.jpg,262,1231,838,1793,Abacus yellow 30g
/home/palm/PycharmProjects/seven/data1/0/71.jpg,228,651,570,917,Halls mentho-lyptus 22.4g
/home/palm/PycharmProjects/seven/data1/0/71.jpg,534,719,844,1011,Hershey's creamy milk 40g
/home/palm/PycharmProjects/seven/data1/0/138.jpg,20,141,297,610,Kitkat red 35g
/home/palm/PycharmProjects/seven/data1/0/138.jpg,277,1,694,316,Abacus stick 15g
/home/palm/PycharmProjects/seven/data1/0/138.jpg,442,234,1080,585,Mentos fruit 37g
/home/palm/PycharmProjects/seven/data1/0/138.jpg,294,437,444,1075,Mentos sour mix 37g
/home/palm/PycharmProjects/seven/data1/0/138.jpg,206,83,388,605,Mentos mint 37g
/home/palm/PycharmProjects/seven/data1/0/201.jpg,1,1,590,650,Nescafe_blend'nbrew_espresso_157.5g
/home/palm/PycharmProjects/seven/data1/0/59.jpg,100,581,826,967,Almond_Fried_56G
/home/palm/PycharmProjects/seven/data1/0/59.jpg,42,941,286,1533,Abacus stick 15g
/home/palm/PycharmProjects/seven/data1/0/59.jpg,267,936,472,1271,Almond_bar
/home/palm/PycharmProjects/seven/data1/0/59.jpg,672,916,1080,1289,Almond_bar
/home/palm/PycharmProjects/seven/data1/0/276.jpg,417,837,1080,1857,Lay_ori_27g
/home/palm/PycharmProjects/seven/data1/0/291.jpg,466,489,888,1139,Take-it Black
/home/palm/PycharmProjects/seven/data1/0/291.jpg,166,49,543,649,Jolly bear 25g
/home/palm/PycharmProjects/seven/data1/0/291.jpg,532,1,1080,291,Break SUPA 30g
/home/palm/PycharmProjects/seven/data1/0/291.jpg,928,279,1080,1129,Mentos fruit 37g
/home/palm/PycharmProjects/seven/data1/0/49.jpg,266,835,410,1437,Mentos sour mix 37g
/home/palm/PycharmProjects/seven/data1/0/49.jpg,57,625,487,1025,Mentos fruit 37g
/home/palm/PycharmProjects/seven/data1/0/49.jpg,1,219,456,736,Almond_Fried_56G
/home/palm/PycharmProjects/seven/data1/0/49.jpg,398,513,800,913,Kitkat green tea 35g
/home/palm/PycharmProjects/seven/data1/0/90.jpg,92,600,502,1289,Milo nuggets 30g
/home/palm/PycharmProjects/seven/data1/0/90.jpg,108,1,639,493,Hershey's creamy milk 40g
/home/palm/PycharmProjects/seven/data1/0/90.jpg,445,906,1052,1781,Milo choco bar 15g
/home/palm/PycharmProjects/seven/data1/0/90.jpg,306,309,1080,557,Almond_bar
/home/palm/PycharmProjects/seven/data1/0/90.jpg,516,649,1080,1287,Ferrero 37.5g
/home/palm/PycharmProjects/seven/data1/0/99.jpg,514,28,1080,734,Break SUPA 30g
/home/palm/PycharmProjects/seven/data1/0/99.jpg,66,611,349,1072,Kitkat green tea 35g
/home/palm/PycharmProjects/seven/data1/0/99.jpg,532,759,944,1389,Break 23.5g
/home/palm/PycharmProjects/seven/data1/0/99.jpg,232,707,624,1439,Milo choco bar 15g
/home/palm/PycharmProjects/seven/data1/0/99.jpg,288,1,535,609,Hershey's creamy milk 40g
/home/palm/PycharmProjects/seven/data1/0/56.jpg,612,1039,1080,1674,M&M peanut 40g
/home/palm/PycharmProjects/seven/data1/0/56.jpg,1,1089,622,1391,Mentos sour mix 37g
/home/palm/PycharmProjects/seven/data1/0/56.jpg,336,819,838,1123,Mentos fruit 37g
/home/palm/PycharmProjects/seven/data1/0/56.jpg,1,729,330,1123,Almond_bar
/home/palm/PycharmProjects/seven/data1/0/56.jpg,1,565,669,1005,Almond_Fried_56G
/home/palm/PycharmProjects/seven/data1/0/280.jpg,523,170,890,512,Jolly cola 25g
/home/palm/PycharmProjects/seven/data1/0/280.jpg,652,584,977,909,Abacus yellow 30g
/home/palm/PycharmProjects/seven/data1/0/280.jpg,189,163,492,581,Break SUPA 30g
/home/palm/PycharmProjects/seven/data1/0/280.jpg,1,404,226,735,Jolly bear 25g
/home/palm/PycharmProjects/seven/data1/0/280.jpg,210,903,974,1533,Lay_ori_27g
/home/palm/PycharmProjects/seven/data1/0/280.jpg,356,501,646,798,Abacus pink 30g
/home/palm/PycharmProjects/seven/data1/0/130.jpg,166,497,458,963,Mentos sour mix 37g
/home/palm/PycharmProjects/seven/data1/0/130.jpg,32,466,270,919,Mentos fruit 37g
/home/palm/PycharmProjects/seven/data1/0/224.jpg,91,499,737,892,Khao shong 3 in 1 super rich 100g
/home/palm/PycharmProjects/seven/data1/0/224.jpg,1,863,412,1599,Moccona Trio rich and smooth 90g
/home/palm/PycharmProjects/seven/data1/0/224.jpg,532,782,1080,1533,Moccona Trio Gold 100g
/home/palm/PycharmProjects/seven/data1/0/224.jpg,1,427,326,871,Moccona Trio Espresso 90g
/home/palm/PycharmProjects/seven/data1/0/30.jpg,524,923,1026,1655,Take-it Black
/home/palm/PycharmProjects/seven/data1/0/30.jpg,643,563,1077,942,Break 23.5g
/home/palm/PycharmProjects/seven/data1/0/30.jpg,212,855,636,1419,Kitkat red 35g
/home/palm/PycharmProjects/seven/data1/0/30.jpg,174,503,626,921,Ferrero 37.5g
/home/palm/PycharmProjects/seven/data1/0/30.jpg,196,135,592,667,Kitkat green tea 35g
/home/palm/PycharmProjects/seven/data1/0/294.jpg,250,46,602,619,Jolly bear 25g
/home/palm/PycharmProjects/seven/data1/0/294.jpg,472,1270,1077,1806,Oreo original 29.4g
/home/palm/PycharmProjects/seven/data1/0/294.jpg,1,825,394,1115,Mirinda orange 440ml
/home/palm/PycharmProjects/seven/data1/0/41.jpg,254,1105,950,1637,Break 23.5g
/home/palm/PycharmProjects/seven/data1/0/41.jpg,1,625,578,1254,Ferrero 100g
/home/palm/PycharmProjects/seven/data1/0/41.jpg,1,587,340,749,Kitkat green tea 35g
/home/palm/PycharmProjects/seven/data1/0/41.jpg,322,661,1064,1149,Ferrero 62.5g
/home/palm/PycharmProjects/seven/data1/0/41.jpg,298,591,814,875,Almond_bar
/home/palm/PycharmProjects/seven/data1/0/187.jpg,172,927,953,1583,Moccona Trio rich and smooth 90g
/home/palm/PycharmProjects/seven/data1/0/264.jpg,1,936,538,1390,Koko_krunch_box_25g
/home/palm/PycharmProjects/seven/data1/0/264.jpg,42,84,814,753,Pocky strawberry 45g
/home/palm/PycharmProjects/seven/data1/0/264.jpg,1,615,358,799,Kellogg's corn flakes 25g
/home/palm/PycharmProjects/seven/data1/0/264.jpg,629,1,1080,481,Pocky cookie and cream 45g
/home/palm/PycharmProjects/seven/data1/0/84.jpg,509,456,1080,1116,Milo nuggets 30g
/home/palm/PycharmProjects/seven/data1/0/84.jpg,12,841,280,1269,Ferrero 37.5g
/home/palm/PycharmProjects/seven/data1/0/84.jpg,33,181,510,731,Almond_bar
/home/palm/PycharmProjects/seven/data1/0/84.jpg,529,4,849,528,Milo choco bar 15g
/home/palm/PycharmProjects/seven/data1/0/84.jpg,248,843,648,1253,Halls rasp 22.4g
/home/palm/PycharmProjects/seven/data1/0/84.jpg,114,583,352,1053,Halls honey 22.4g
/home/palm/PycharmProjects/seven/data1/0/84.jpg,236,467,526,957,Halls mentho-lyptus 22.4g
/home/palm/PycharmProjects/seven/data1/0/135.jpg,410,103,1074,279,Mentos fruit 37g
/home/palm/PycharmProjects/seven/data1/0/135.jpg,178,4,407,614,Mentos mint 37g
/home/palm/PycharmProjects/seven/data1/0/135.jpg,283,449,459,1065,Mentos sour mix 37g
/home/palm/PycharmProjects/seven/data1/0/24.jpg,872,1,1078,641,Ferrero 37.5g
/home/palm/PycharmProjects/seven/data1/0/24.jpg,518,35,906,681,Take-it Red
/home/palm/PycharmProjects/seven/data1/0/24.jpg,138,169,538,525,Kitkat red 35g
/home/palm/PycharmProjects/seven/data1/0/24.jpg,14,579,288,969,Kitkat green tea 35g
/home/palm/PycharmProjects/seven/data1/0/24.jpg,260,675,584,1241,Take-it Black
/home/palm/PycharmProjects/seven/data1/0/24.jpg,696,669,1080,1387,Break 23.5g
/home/palm/PycharmProjects/seven/data1/0/24.jpg,330,1165,802,1655,Kitkat thai tea
/home/palm/PycharmProjects/seven/data1/0/50.jpg,158,859,362,1465,Mentos sour mix 37g
/home/palm/PycharmProjects/seven/data1/0/50.jpg,1,737,509,1012,Mentos fruit 37g
/home/palm/PycharmProjects/seven/data1/0/50.jpg,1,349,504,808,Almond_Fried_56G
/home/palm/PycharmProjects/seven/data1/0/50.jpg,384,707,816,1001,Kitkat green tea 35g
/home/palm/PycharmProjects/seven/data1/0/150.jpg,18,702,570,1521,Ferrero 100g
/home/palm/PycharmProjects/seven/data1/0/150.jpg,490,752,1080,1039,Ferrero 37.5g
/home/palm/PycharmProjects/seven/data1/0/150.jpg,316,69,1080,733,Ferrero 62.5g
/home/palm/PycharmProjects/seven/data1/0/18.jpg,786,519,1080,1160,Ferrero 37.5g
/home/palm/PycharmProjects/seven/data1/0/18.jpg,419,99,879,723,Take-it Red
/home/palm/PycharmProjects/seven/data1/0/18.jpg,147,185,543,541,Kitkat red 35g
/home/palm/PycharmProjects/seven/data1/0/18.jpg,22,583,304,983,Kitkat green tea 35g
/home/palm/PycharmProjects/seven/data1/0/18.jpg,248,699,696,1327,Take-it Black
/home/palm/PycharmProjects/seven/data1/0/18.jpg,598,1026,1076,1721,Break 23.5g
/home/palm/PycharmProjects/seven/data1/0/18.jpg,330,1251,794,1687,Kitkat thai tea
/home/palm/PycharmProjects/seven/data1/0/4.jpg,564,565,880,997,Kitkat red 35g
/home/palm/PycharmProjects/seven/data1/0/4.jpg,124,687,564,1047,Kitkat thai tea
/home/palm/PycharmProjects/seven/data1/0/4.jpg,4,409,296,865,Take-it Black
/home/palm/PycharmProjects/seven/data1/0/4.jpg,178,259,608,671,Take-it Red
/home/palm/PycharmProjects/seven/data1/0/4.jpg,600,175,854,533,Kitkat green tea 35g
/home/palm/PycharmProjects/seven/data1/0/165.jpg,354,736,961,1424,Jolly bear 25g
/home/palm/PycharmProjects/seven/data1/0/165.jpg,1,560,352,1100,Jolly cola 25g
/home/palm/PycharmProjects/seven/data1/0/148.jpg,316,455,926,910,Ferrero 62.5g
/home/palm/PycharmProjects/seven/data1/0/148.jpg,8,945,736,1558,Ferrero 100g
/home/palm/PycharmProjects/seven/data1/0/148.jpg,574,796,1062,1059,Ferrero 37.5g
/home/palm/PycharmProjects/seven/data1/0/255.jpg,1,479,442,1012,Pocky chocolate 45g
/home/palm/PycharmProjects/seven/data1/0/255.jpg,156,1,782,397,Pocky macha 45g
/home/palm/PycharmProjects/seven/data1/0/255.jpg,132,853,740,1599,Lay_ori_27g
/home/palm/PycharmProjects/seven/data1/0/255.jpg,610,347,1080,1207,Pocky cookie and cream 45g
/home/palm/PycharmProjects/seven/data1/0/89.jpg,1,567,483,822,Hershey's creamy milk 40g
/home/palm/PycharmProjects/seven/data1/0/89.jpg,482,1030,1080,1603,Milo choco bar 15g
/home/palm/PycharmProjects/seven/data1/0/89.jpg,3,836,571,1568,Milo nuggets 30g
/home/palm/PycharmProjects/seven/data1/0/89.jpg,589,794,1076,1264,Ferrero 37.5g
/home/palm/PycharmProjects/seven/data1/0/89.jpg,221,709,888,891,Almond_bar
/home/palm/PycharmProjects/seven/data1/0/52.jpg,1,379,666,802,Almond_Fried_56G
/home/palm/PycharmProjects/seven/data1/0/52.jpg,1,1133,575,1402,Mentos sour mix 37g
/home/palm/PycharmProjects/seven/data1/0/52.jpg,404,681,780,1145,Mentos fruit 37g
/home/palm/PycharmProjects/seven/data1/0/52.jpg,504,959,1072,1647,M&M peanut 40g
/home/palm/PycharmProjects/seven/data1/0/260.jpg,1,409,453,887,Kellogg's corn flakes 25g
/home/palm/PycharmProjects/seven/data1/0/260.jpg,175,281,700,579,Pocky macha 45g
/home/palm/PycharmProjects/seven/data1/0/260.jpg,1,889,302,1447,Koko_krunch_box_25g
/home/palm/PycharmProjects/seven/data1/0/260.jpg,704,381,1080,941,Pocky cookie and cream 45g
/home/palm/PycharmProjects/seven/data1/0/249.jpg,36,457,616,984,Pocky chocolate 45g
/home/palm/PycharmProjects/seven/data1/0/249.jpg,1,159,445,690,Pocky macha 45g
/home/palm/PycharmProjects/seven/data1/0/249.jpg,525,182,1080,1113,Pocky cookie and cream 45g
/home/palm/PycharmProjects/seven/data1/0/249.jpg,1,970,247,1403,Kellogg's corn flakes 25g
/home/palm/PycharmProjects/seven/data1/0/229.jpg,284,822,1038,1587,Moccona Trio rich and smooth 90g
/home/palm/PycharmProjects/seven/data1/0/229.jpg,1,89,362,658,Khao shong 3 in 1 super rich 100g
/home/palm/PycharmProjects/seven/data1/0/229.jpg,1,689,324,1303,Khao shong 3 in 1 espresso 90g
/home/palm/PycharmProjects/seven/data1/0/229.jpg,374,303,842,867,Moccona Trio Espresso 90g
/home/palm/PycharmProjects/seven/data1/0/176.jpg,1,1123,495,1667,Jolly bear 25g
/home/palm/PycharmProjects/seven/data1/0/176.jpg,1,730,203,998,Jolly cola 25g
/home/palm/PycharmProjects/seven/data1/0/308.jpg,466,526,1078,985,Lay_ori_27g
/home/palm/PycharmProjects/seven/data1/0/308.jpg,137,455,483,1096,Birdy robusta can 180ml
/home/palm/PycharmProjects/seven/data1/0/28.jpg,438,963,846,1541,Take-it Black
/home/palm/PycharmProjects/seven/data1/0/28.jpg,20,953,538,1503,Kitkat red 35g
/home/palm/PycharmProjects/seven/data1/0/28.jpg,505,717,1003,981,Break 23.5g
/home/palm/PycharmProjects/seven/data1/0/28.jpg,18,643,468,1015,Ferrero 37.5g
/home/palm/PycharmProjects/seven/data1/0/28.jpg,2,429,430,801,Kitkat red 35g
/home/palm/PycharmProjects/seven/data1/0/177.jpg,35,966,434,1423,Jolly bear 25g
/home/palm/PycharmProjects/seven/data1/0/177.jpg,1,395,331,866,Jolly cola 25g
/home/palm/PycharmProjects/seven/data1/0/223.jpg,1,955,428,1603,Moccona Trio rich and smooth 90g
/home/palm/PycharmProjects/seven/data1/0/223.jpg,160,286,650,907,Khao shong 3 in 1 super rich 100g
/home/palm/PycharmProjects/seven/data1/0/223.jpg,550,737,1080,1487,Moccona Trio Gold 100g
/home/palm/PycharmProjects/seven/data1/0/223.jpg,1,299,290,899,Moccona Trio Espresso 90g
/home/palm/PycharmProjects/seven/data1/0/143.jpg,146,759,1000,1624,Ferrero 100g
/home/palm/PycharmProjects/seven/data1/0/143.jpg,720,602,970,947,Ferrero 37.5g
/home/palm/PycharmProjects/seven/data1/0/143.jpg,430,447,762,885,Ferrero 62.5g
/home/palm/PycharmProjects/seven/data1/0/101.jpg,16,1103,723,1502,Kitkat green tea 35g
/home/palm/PycharmProjects/seven/data1/0/101.jpg,139,576,632,718,Break SUPA 30g
/home/palm/PycharmProjects/seven/data1/0/101.jpg,397,833,926,1016,Break 23.5g
/home/palm/PycharmProjects/seven/data1/0/101.jpg,92,951,964,1193,Milo choco bar 15g
/home/palm/PycharmProjects/seven/data1/0/101.jpg,3,719,568,901,Hershey's creamy milk 40g
/home/palm/PycharmProjects/seven/data1/0/131.jpg,128,609,497,920,Mentos sour mix 37g
/home/palm/PycharmProjects/seven/data1/0/131.jpg,1,583,344,858,Mentos fruit 37g
/home/palm/PycharmProjects/seven/data1/0/8.jpg,1,757,372,1064,Take-it Black
/home/palm/PycharmProjects/seven/data1/0/8.jpg,101,935,759,1431,Kitkat thai tea
/home/palm/PycharmProjects/seven/data1/0/8.jpg,512,845,1080,1245,Kitkat red 35g
/home/palm/PycharmProjects/seven/data1/0/8.jpg,372,619,786,885,Kitkat green tea 35g
/home/palm/PycharmProjects/seven/data1/0/8.jpg,1,567,500,810,Take-it Red
/home/palm/PycharmProjects/seven/data1/0/20.jpg,1,605,403,814,Kitkat red 35g
/home/palm/PycharmProjects/seven/data1/0/20.jpg,268,653,648,917,Take-it Red
/home/palm/PycharmProjects/seven/data1/0/20.jpg,694,639,974,951,Ferrero 37.5g
/home/palm/PycharmProjects/seven/data1/0/20.jpg,496,945,1080,1172,Break 23.5g
/home/palm/PycharmProjects/seven/data1/0/20.jpg,1,955,574,1345,Take-it Black
/home/palm/PycharmProjects/seven/data1/0/20.jpg,20,1393,914,1920,Kitkat thai tea
/home/palm/PycharmProjects/seven/data1/0/297.jpg,460,814,1080,1421,Oreo original 29.4g
/home/palm/PycharmProjects/seven/data1/0/297.jpg,76,1181,758,1902,Lays squid 27g
/home/palm/PycharmProjects/seven/data1/0/297.jpg,596,1,1080,795,Lay_ori_27g
/home/palm/PycharmProjects/seven/data1/0/297.jpg,1,257,260,909,Lays BBQ 27g
/home/palm/PycharmProjects/seven/data1/0/70.jpg,392,887,1076,1235,Hershey's creamy milk 40g
/home/palm/PycharmProjects/seven/data1/0/70.jpg,366,1237,766,1665,Abacus yellow 30g
/home/palm/PycharmProjects/seven/data1/0/70.jpg,144,941,360,1407,Abacus stick 15g
/home/palm/PycharmProjects/seven/data1/0/70.jpg,537,521,831,927,Halls rasp 22.4g
/home/palm/PycharmProjects/seven/data1/0/70.jpg,218,459,564,847,Halls mentho-lyptus 22.4g
/home/palm/PycharmProjects/seven/data1/0/168.jpg,663,787,1080,1423,Jolly bear 25g
/home/palm/PycharmProjects/seven/data1/0/168.jpg,1,441,253,894,Jolly cola 25g
/home/palm/PycharmProjects/seven/data1/0/182.jpg,201,682,1002,1293,Moccona Trio rich and smooth 90g
/home/palm/PycharmProjects/seven/data1/0/182.jpg,231,492,651,744,Jolly cola 25g
/home/palm/PycharmProjects/seven/data1/0/182.jpg,1,592,255,873,Jolly bear 25g
/home/palm/PycharmProjects/seven/data1/0/268.jpg,1,829,412,1317,Koko_krunch_box_25g
/home/palm/PycharmProjects/seven/data1/0/268.jpg,457,707,936,1269,Milo serials box 25g
/home/palm/PycharmProjects/seven/data1/0/268.jpg,216,297,790,624,Pocky chocolate 45g
/home/palm/PycharmProjects/seven/data1/0/268.jpg,1,405,204,839,Kellogg's corn flakes 25g
/home/palm/PycharmProjects/seven/data1/0/81.jpg,597,1,1080,699,Milo nuggets 30g
/home/palm/PycharmProjects/seven/data1/0/81.jpg,19,771,362,1202,Ferrero 37.5g
/home/palm/PycharmProjects/seven/data1/0/81.jpg,134,217,663,680,Almond_bar
/home/palm/PycharmProjects/seven/data1/0/81.jpg,34,353,278,793,Halls honey 22.4g
/home/palm/PycharmProjects/seven/data1/0/81.jpg,258,669,628,945,Halls mentho-lyptus 22.4g
/home/palm/PycharmProjects/seven/data1/0/81.jpg,371,1,687,353,Milo choco bar 15g
/home/palm/PycharmProjects/seven/data1/0/81.jpg,476,719,962,1301,Halls rasp 22.4g
/home/palm/PycharmProjects/seven/data1/0/185.jpg,1,861,168,1367,Moccona Trio rich and smooth 90g
/home/palm/PycharmProjects/seven/data1/0/48.jpg,1,313,254,1069,Ferrero 100g
/home/palm/PycharmProjects/seven/data1/0/48.jpg,174,1005,454,1539,Ferrero 37.5g
/home/palm/PycharmProjects/seven/data1/0/48.jpg,500,1047,936,1679,Break 23.5g
/home/palm/PycharmProjects/seven/data1/0/48.jpg,238,1,516,847,Ferrero 62.5g
/home/palm/PycharmProjects/seven/data1/0/48.jpg,584,577,1080,1450,Almond_bar
/home/palm/PycharmProjects/seven/data1/0/48.jpg,672,27,1080,687,Kitkat green tea 35g
/home/palm/PycharmProjects/seven/data1/0/275.jpg,323,729,1080,1465,Lay_ori_27g
/home/palm/PycharmProjects/seven/data1/0/298.jpg,510,227,998,712,Lay_ori_27g
/home/palm/PycharmProjects/seven/data1/0/298.jpg,37,528,430,951,Jolly bear 25g
/home/palm/PycharmProjects/seven/data1/0/298.jpg,4,1040,806,1887,Lays squid 27g
/home/palm/PycharmProjects/seven/data1/0/298.jpg,549,713,848,1115,Birdy robusta can 180ml
/home/palm/PycharmProjects/seven/data1/0/298.jpg,636,681,1080,891,Oreo original 29.4g
/home/palm/PycharmProjects/seven/data1/0/210.jpg,296,697,1080,1375,Nescafe_blend'nbrew_rich_aroma_157.5g
/home/palm/PycharmProjects/seven/data1/0/210.jpg,1,5,400,761,Birdy 3 in 1 robusta 62g
/home/palm/PycharmProjects/seven/data1/0/205.jpg,287,630,1077,1433,Nescafe_blend'nbrew_espresso_157.5g
/home/palm/PycharmProjects/seven/data1/0/75.jpg,1,1081,322,1248,Abacus stick 15g
/home/palm/PycharmProjects/seven/data1/0/75.jpg,367,825,893,1623,Hershey's creamy milk 40g
/home/palm/PycharmProjects/seven/data1/0/75.jpg,488,433,1060,939,Halls rasp 22.4g
/home/palm/PycharmProjects/seven/data1/0/75.jpg,76,433,396,873,Halls honey 22.4g
/home/palm/PycharmProjects/seven/data1/0/75.jpg,394,1,906,507,Halls mentho-lyptus 22.4g
/home/palm/PycharmProjects/seven/data1/0/241.jpg,4,1144,944,1719,Birdy 3 in 1 robusta 62g
/home/palm/PycharmProjects/seven/data1/0/241.jpg,1,695,644,1205,Nescafe_blend'nbrew_rich_aroma_157.5g
/home/palm/PycharmProjects/seven/data1/0/241.jpg,1,201,638,559,Moccona Trio rich and smooth 90g
/home/palm/PycharmProjects/seven/data1/0/31.jpg,124,1169,516,1571,Abacus pink 30g
/home/palm/PycharmProjects/seven/data1/0/31.jpg,34,601,416,1027,Ferrero 37.5g
/home/palm/PycharmProjects/seven/data1/0/31.jpg,390,871,992,1215,Break SUPA 30g
/home/palm/PycharmProjects/seven/data1/0/31.jpg,500,649,990,893,Break 23.5g
/home/palm/PycharmProjects/seven/data1/0/31.jpg,392,343,984,661,Almond_bar
/home/palm/PycharmProjects/seven/data1/0/31.jpg,1,415,368,735,Kitkat green tea 35g
/home/palm/PycharmProjects/seven/data1/0/197.jpg,1,527,379,777,Nescafe_blend'nbrew_espresso_157.5g
/home/palm/PycharmProjects/seven/data1/0/57.jpg,550,949,980,1735,M&M peanut 40g
/home/palm/PycharmProjects/seven/data1/0/57.jpg,106,837,512,1235,Mentos sour mix 37g
/home/palm/PycharmProjects/seven/data1/0/57.jpg,10,545,146,1075,Mentos mint 37g
/home/palm/PycharmProjects/seven/data1/0/57.jpg,353,505,935,923,Mentos mint 37g
/home/palm/PycharmProjects/seven/data1/0/57.jpg,4,305,384,877,M&M peanut 40g
/home/palm/PycharmProjects/seven/data1/0/57.jpg,165,1,780,743,Almond_Fried_56G
/home/palm/PycharmProjects/seven/data1/0/15.jpg,484,1,892,653,Take-it Red
/home/palm/PycharmProjects/seven/data1/0/15.jpg,272,63,546,619,Kitkat red 35g
/home/palm/PycharmProjects/seven/data1/0/15.jpg,56,209,308,669,Kitkat green tea 35g
/home/palm/PycharmProjects/seven/data1/0/15.jpg,790,543,1080,1217,Ferrero 37.5g
/home/palm/PycharmProjects/seven/data1/0/15.jpg,260,631,542,1177,Take-it Black
/home/palm/PycharmProjects/seven/data1/0/15.jpg,572,853,1080,1517,Break 23.5g
/home/palm/PycharmProjects/seven/data1/0/15.jpg,344,1097,838,1745,Kitkat thai tea
/home/palm/PycharmProjects/seven/data1/0/245.jpg,1,700,511,1197,Pocky chocolate 45g
/home/palm/PycharmProjects/seven/data1/0/245.jpg,410,563,945,995,Pocky cookie and cream 45g
/home/palm/PycharmProjects/seven/data1/0/245.jpg,1,535,330,798,Pocky macha 45g
/home/palm/PycharmProjects/seven/data1/0/271.jpg,478,760,908,1283,Milo serials box 25g
/home/palm/PycharmProjects/seven/data1/0/271.jpg,1,991,336,1519,Koko_krunch_box_25g
/home/palm/PycharmProjects/seven/data1/0/271.jpg,429,267,836,777,Pocky chocolate 45g
/home/palm/PycharmProjects/seven/data1/0/271.jpg,39,199,446,633,Pocky strawberry 45g
/home/palm/PycharmProjects/seven/data1/0/271.jpg,1,629,406,1009,Kellogg's corn flakes 25g
/home/palm/PycharmProjects/seven/data1/0/243.jpg,212,1255,962,1909,Birdy 3 in 1 robusta 62g
/home/palm/PycharmProjects/seven/data1/0/243.jpg,20,684,696,1269,Nescafe_blend'nbrew_rich_aroma_157.5g
/home/palm/PycharmProjects/seven/data1/0/243.jpg,82,1,834,485,Moccona Trio rich and smooth 90g
/home/palm/PycharmProjects/seven/data1/0/147.jpg,77,902,832,1408,Ferrero 100g
/home/palm/PycharmProjects/seven/data1/0/147.jpg,438,1,745,797,Ferrero 62.5g
/home/palm/PycharmProjects/seven/data1/0/147.jpg,806,267,1080,843,Ferrero 37.5g
/home/palm/PycharmProjects/seven/data1/0/292.jpg,374,1145,1080,1439,Oreo original 29.4g
/home/palm/PycharmProjects/seven/data1/0/292.jpg,1,498,260,1057,Mirinda orange 440ml
/home/palm/PycharmProjects/seven/data1/0/10.jpg,500,846,914,1116,Kitkat thai tea
/home/palm/PycharmProjects/seven/data1/0/10.jpg,183,721,659,1073,Take-it Black
/home/palm/PycharmProjects/seven/data1/0/10.jpg,448,405,710,743,Kitkat green tea 35g
/home/palm/PycharmProjects/seven/data1/0/10.jpg,688,459,1080,898,Kitkat red 35g
/home/palm/PycharmProjects/seven/data1/0/10.jpg,351,135,831,497,Take-it Red
/home/palm/PycharmProjects/seven/data1/0/193.jpg,70,429,783,832,Moccona Trio Espresso 90g
/home/palm/PycharmProjects/seven/data1/0/283.jpg,657,598,985,917,Abacus yellow 30g
/home/palm/PycharmProjects/seven/data1/0/283.jpg,325,576,642,886,Abacus pink 30g
/home/palm/PycharmProjects/seven/data1/0/283.jpg,338,312,796,536,Break SUPA 30g
/home/palm/PycharmProjects/seven/data1/0/283.jpg,356,920,1055,1781,Lay_ori_27g
/home/palm/PycharmProjects/seven/data1/0/172.jpg,570,977,1080,1613,Jolly bear 25g
/home/palm/PycharmProjects/seven/data1/0/303.jpg,746,620,1080,1357,Oreo original 29.4g
/home/palm/PycharmProjects/seven/data1/0/303.jpg,396,1,1080,665,Lay_ori_27g
/home/palm/PycharmProjects/seven/data1/0/303.jpg,424,1414,1080,1809,Birdy robusta can 180ml
/home/palm/PycharmProjects/seven/data1/0/42.jpg,402,1089,1036,1551,Break 23.5g
/home/palm/PycharmProjects/seven/data1/0/42.jpg,1,847,322,1212,Ferrero 37.5g
/home/palm/PycharmProjects/seven/data1/0/42.jpg,56,369,678,1203,Ferrero 100g
/home/palm/PycharmProjects/seven/data1/0/42.jpg,390,379,1080,1133,Ferrero 62.5g
/home/palm/PycharmProjects/seven/data1/0/42.jpg,416,23,1068,675,Almond_bar
/home/palm/PycharmProjects/seven/data1/0/42.jpg,116,41,482,447,Kitkat green tea 35g
/home/palm/PycharmProjects/seven/data1/0/45.jpg,132,45,516,547,Kitkat green tea 35g
/home/palm/PycharmProjects/seven/data1/0/45.jpg,1,501,680,812,Ferrero 100g
/home/palm/PycharmProjects/seven/data1/0/45.jpg,440,255,1026,1229,Ferrero 62.5g
/home/palm/PycharmProjects/seven/data1/0/45.jpg,756,519,1080,1274,Almond_bar
/home/palm/PycharmProjects/seven/data1/0/45.jpg,48,827,450,1193,Ferrero 37.5g
/home/palm/PycharmProjects/seven/data1/0/45.jpg,316,1179,814,1729,Break 23.5g
/home/palm/PycharmProjects/seven/data1/0/33.jpg,264,1111,600,1521,Abacus pink 30g
/home/palm/PycharmProjects/seven/data1/0/33.jpg,486,783,1080,1328,Break SUPA 30g
/home/palm/PycharmProjects/seven/data1/0/33.jpg,174,451,568,925,Ferrero 37.5g
/home/palm/PycharmProjects/seven/data1/0/33.jpg,646,465,1080,817,Break 23.5g
/home/palm/PycharmProjects/seven/data1/0/33.jpg,550,2,1080,453,Almond_bar
/home/palm/PycharmProjects/seven/data1/0/33.jpg,178,107,544,593,Kitkat green tea 35g
/home/palm/PycharmProjects/seven/data1/0/213.jpg,272,771,1080,1559,Khao shong 3 in 1 espresso 90g
/home/palm/PycharmProjects/seven/data1/0/140.jpg,656,564,774,897,Mentos mint 37g
/home/palm/PycharmProjects/seven/data1/0/140.jpg,320,603,643,895,Abacus stick 15g
/home/palm/PycharmProjects/seven/data1/0/140.jpg,178,941,860,1251,Mentos sour mix 37g
/home/palm/PycharmProjects/seven/data1/0/140.jpg,182,659,532,1045,Mentos fruit 37g
/home/palm/PycharmProjects/seven/data1/0/78.jpg,390,775,878,1293,Halls rasp 22.4g
/home/palm/PycharmProjects/seven/data1/0/78.jpg,150,799,420,1295,Ferrero 37.5g
/home/palm/PycharmProjects/seven/data1/0/78.jpg,681,22,1077,667,Halls mentho-lyptus 22.4g
/home/palm/PycharmProjects/seven/data1/0/78.jpg,340,225,620,735,Halls honey 22.4g
/home/palm/PycharmProjects/seven/data1/0/289.jpg,12,315,397,703,Jolly bear 25g
/home/palm/PycharmProjects/seven/data1/0/289.jpg,382,576,690,1015,Take-it Black
/home/palm/PycharmProjects/seven/data1/0/289.jpg,369,237,857,489,Break SUPA 30g
/home/palm/PycharmProjects/seven/data1/0/289.jpg,722,472,860,961,Mentos fruit 37g
/home/palm/PycharmProjects/seven/data1/0/289.jpg,836,554,976,1067,Mentos mint 37g
/home/palm/PycharmProjects/seven/data1/0/295.jpg,470,225,1012,750,Lay_ori_27g
/home/palm/PycharmProjects/seven/data1/0/295.jpg,1,1021,664,1857,Lays squid 27g
/home/palm/PycharmProjects/seven/data1/0/295.jpg,318,779,974,1156,Oreo original 29.4g
/home/palm/PycharmProjects/seven/data1/0/295.jpg,3,519,406,905,Jolly bear 25g
/home/palm/PycharmProjects/seven/data1/0/144.jpg,119,639,712,1467,Ferrero 100g
/home/palm/PycharmProjects/seven/data1/0/144.jpg,734,103,1080,855,Ferrero 37.5g
/home/palm/PycharmProjects/seven/data1/0/144.jpg,500,1,784,727,Ferrero 62.5g
/home/palm/PycharmProjects/seven/data1/0/142.jpg,155,826,894,1565,Ferrero 100g
/home/palm/PycharmProjects/seven/data1/0/142.jpg,702,436,939,885,Ferrero 37.5g
/home/palm/PycharmProjects/seven/data1/0/142.jpg,391,298,722,855,Ferrero 62.5g
/home/palm/PycharmProjects/seven/data1/0/247.jpg,384,422,934,971,Pocky cookie and cream 45g
/home/palm/PycharmProjects/seven/data1/0/247.jpg,1,336,300,653,Pocky macha 45g
/home/palm/PycharmProjects/seven/data1/0/247.jpg,1,563,456,986,Pocky chocolate 45g
/home/palm/PycharmProjects/seven/data1/0/300.jpg,26,1226,669,1920,Lays squid 27g
/home/palm/PycharmProjects/seven/data1/0/300.jpg,676,660,1080,1005,Oreo original 29.4g
/home/palm/PycharmProjects/seven/data1/0/300.jpg,340,1076,935,1515,Birdy robusta can 180ml
/home/palm/PycharmProjects/seven/data1/0/300.jpg,628,10,1080,783,Lay_ori_27g
/home/palm/PycharmProjects/seven/data1/0/300.jpg,1,281,234,903,Lays BBQ 27g
/home/palm/PycharmProjects/seven/data1/0/22.jpg,652,355,890,753,Ferrero 37.5g
/home/palm/PycharmProjects/seven/data1/0/22.jpg,374,433,688,809,Take-it Red
/home/palm/PycharmProjects/seven/data1/0/22.jpg,1,422,370,697,Kitkat red 35g
/home/palm/PycharmProjects/seven/data1/0/22.jpg,1,713,114,1001,Kitkat green tea 35g
/home/palm/PycharmProjects/seven/data1/0/22.jpg,74,799,444,1299,Take-it Black
/home/palm/PycharmProjects/seven/data1/0/22.jpg,562,787,996,1287,Break 23.5g
/home/palm/PycharmProjects/seven/data1/0/22.jpg,182,1197,744,1737,Kitkat thai tea
/home/palm/PycharmProjects/seven/data1/0/40.jpg,302,1063,874,1573,Break 23.5g
/home/palm/PycharmProjects/seven/data1/0/40.jpg,1,1059,140,1357,Ferrero 37.5g
/home/palm/PycharmProjects/seven/data1/0/40.jpg,1,533,564,1247,Ferrero 100g
/home/palm/PycharmProjects/seven/data1/0/40.jpg,312,557,984,1051,Ferrero 62.5g
/home/palm/PycharmProjects/seven/data1/0/40.jpg,266,369,800,761,Almond_bar
/home/palm/PycharmProjects/seven/data1/0/40.jpg,1,373,300,628,Kitkat green tea 35g
/home/palm/PycharmProjects/seven/data1/0/203.jpg,724,683,1080,1097,Nescafe_blend'nbrew_espresso_157.5g
/home/palm/PycharmProjects/seven/data1/0/277.jpg,357,319,846,707,Jolly bear 25g
/home/palm/PycharmProjects/seven/data1/0/277.jpg,374,767,1040,1483,Lay_ori_27g
/home/palm/PycharmProjects/seven/data1/0/277.jpg,1,377,317,726,Jolly cola 25g
/home/palm/PycharmProjects/seven/data1/0/196.jpg,1,402,441,852,Nescafe_blend'nbrew_espresso_157.5g
/home/palm/PycharmProjects/seven/data1/0/35.jpg,316,984,1080,1531,Break SUPA 30g
/home/palm/PycharmProjects/seven/data1/0/35.jpg,560,739,984,1087,Break 23.5g
/home/palm/PycharmProjects/seven/data1/0/35.jpg,396,589,912,821,Almond_bar
/home/palm/PycharmProjects/seven/data1/0/35.jpg,1,703,236,905,Ferrero 37.5g
/home/palm/PycharmProjects/seven/data1/0/35.jpg,1,603,438,805,Kitkat green tea 35g
/home/palm/PycharmProjects/seven/data1/0/35.jpg,1,969,332,1397,Abacus pink 30g
/home/palm/PycharmProjects/seven/data1/0/32.jpg,1,1143,490,1619,Abacus pink 30g
/home/palm/PycharmProjects/seven/data1/0/32.jpg,346,927,1048,1273,Break SUPA 30g
/home/palm/PycharmProjects/seven/data1/0/32.jpg,514,791,1032,1003,Break 23.5g
/home/palm/PycharmProjects/seven/data1/0/32.jpg,406,637,978,805,Almond_bar
/home/palm/PycharmProjects/seven/data1/0/32.jpg,1,695,430,1055,Ferrero 37.5g
/home/palm/PycharmProjects/seven/data1/0/32.jpg,1,617,396,809,Kitkat green tea 35g
/home/palm/PycharmProjects/seven/data1/0/153.jpg,59,1010,710,1687,Ferrero 100g
/home/palm/PycharmProjects/seven/data1/0/153.jpg,522,520,1064,1087,Ferrero 37.5g
/home/palm/PycharmProjects/seven/data1/0/153.jpg,280,177,901,975,Ferrero 62.5g
/home/palm/PycharmProjects/seven/data1/0/242.jpg,1,753,654,1102,Nescafe_blend'nbrew_rich_aroma_157.5g
/home/palm/PycharmProjects/seven/data1/0/242.jpg,1,441,640,679,Moccona Trio rich and smooth 90g
/home/palm/PycharmProjects/seven/data1/0/242.jpg,1,1103,1080,1729,Birdy 3 in 1 robusta 62g
/home/palm/PycharmProjects/seven/data1/0/88.jpg,1,365,446,782,Hershey's creamy milk 40g
/home/palm/PycharmProjects/seven/data1/0/88.jpg,507,921,1080,1631,Milo choco bar 15g
/home/palm/PycharmProjects/seven/data1/0/88.jpg,1,859,566,1527,Milo nuggets 30g
/home/palm/PycharmProjects/seven/data1/0/88.jpg,236,585,859,776,Almond_bar
/home/palm/PycharmProjects/seven/data1/0/88.jpg,594,761,1080,1177,Ferrero 37.5g
/home/palm/PycharmProjects/seven/data1/0/304.jpg,187,147,886,633,Lay_ori_27g
/home/palm/PycharmProjects/seven/data1/0/304.jpg,686,526,1039,987,Birdy robusta can 180ml
/home/palm/PycharmProjects/seven/data1/0/64.jpg,88,357,506,951,Almond_Fried_56G
/home/palm/PycharmProjects/seven/data1/0/64.jpg,506,617,836,933,Abacus pink 30g
/home/palm/PycharmProjects/seven/data1/0/64.jpg,150,999,488,1401,Abacus stick 15g
/home/palm/PycharmProjects/seven/data1/0/64.jpg,357,1107,729,1485,Abacus yellow 30g
/home/palm/PycharmProjects/seven/data1/0/267.jpg,1,175,532,577,Pocky chocolate 45g
/home/palm/PycharmProjects/seven/data1/0/267.jpg,18,1,738,191,Pocky macha 45g
/home/palm/PycharmProjects/seven/data1/0/267.jpg,464,210,1080,755,Pocky strawberry 45g
/home/palm/PycharmProjects/seven/data1/0/267.jpg,1,499,128,825,Pocky cookie and cream 45g
/home/palm/PycharmProjects/seven/data1/0/235.jpg,1,151,360,471,Moccona Trio rich and smooth 90g
/home/palm/PycharmProjects/seven/data1/0/235.jpg,18,481,546,1188,Nescafe_blend'nbrew_rich_aroma_157.5g
/home/palm/PycharmProjects/seven/data1/0/235.jpg,416,543,1070,1189,Khao shong 3 in 1 espresso 90g
/home/palm/PycharmProjects/seven/data1/0/235.jpg,1,1213,856,1765,Birdy 3 in 1 robusta 62g
/home/palm/PycharmProjects/seven/data1/0/65.jpg,38,569,518,997,Almond_Fried_56G
/home/palm/PycharmProjects/seven/data1/0/65.jpg,518,755,858,1023,Abacus pink 30g
/home/palm/PycharmProjects/seven/data1/0/65.jpg,1,985,484,1416,Abacus stick 15g
/home/palm/PycharmProjects/seven/data1/0/65.jpg,286,1093,776,1537,Abacus yellow 30g
/home/palm/PycharmProjects/seven/data1/0/212.jpg,247,853,1080,1413,Khao shong 3 in 1 espresso 90g
/home/palm/PycharmProjects/seven/data1/0/290.jpg,3,461,407,722,Jolly bear 25g
/home/palm/PycharmProjects/seven/data1/0/290.jpg,390,451,850,655,Break SUPA 30g
/home/palm/PycharmProjects/seven/data1/0/290.jpg,339,655,716,995,Take-it Black
/home/palm/PycharmProjects/seven/data1/0/290.jpg,734,620,895,987,Mentos fruit 37g
/home/palm/PycharmProjects/seven/data1/0/290.jpg,893,687,1001,1101,Mentos mint 37g
/home/palm/PycharmProjects/seven/data1/0/36.jpg,482,887,1080,1591,Break SUPA 30g
/home/palm/PycharmProjects/seven/data1/0/36.jpg,730,290,1076,1039,Break 23.5g
/home/palm/PycharmProjects/seven/data1/0/36.jpg,188,125,586,523,Kitkat green tea 35g
/home/palm/PycharmProjects/seven/data1/0/36.jpg,6,493,412,845,Ferrero 37.5g
/home/palm/PycharmProjects/seven/data1/0/19.jpg,274,445,632,833,Take-it Red
/home/palm/PycharmProjects/seven/data1/0/19.jpg,672,423,936,843,Ferrero 37.5g
/home/palm/PycharmProjects/seven/data1/0/19.jpg,1,429,380,716,Kitkat red 35g
/home/palm/PycharmProjects/seven/data1/0/19.jpg,1,713,109,989,Kitkat green tea 35g
/home/palm/PycharmProjects/seven/data1/0/19.jpg,26,971,548,1339,Take-it Black
/home/palm/PycharmProjects/seven/data1/0/19.jpg,252,1331,816,1753,Kitkat thai tea
/home/palm/PycharmProjects/seven/data1/0/34.jpg,372,953,1020,1455,Break SUPA 30g
/home/palm/PycharmProjects/seven/data1/0/34.jpg,14,991,380,1413,Abacus pink 30g
/home/palm/PycharmProjects/seven/data1/0/34.jpg,550,569,930,1029,Break 23.5g
/home/palm/PycharmProjects/seven/data1/0/34.jpg,386,259,916,683,Almond_bar
/home/palm/PycharmProjects/seven/data1/0/34.jpg,1,399,414,692,Kitkat green tea 35g
/home/palm/PycharmProjects/seven/data1/0/34.jpg,1,641,274,894,Ferrero 37.5g
/home/palm/PycharmProjects/seven/data1/0/39.jpg,498,1,1080,673,Almond_bar
/home/palm/PycharmProjects/seven/data1/0/39.jpg,636,513,1080,1213,Break 23.5g
/home/palm/PycharmProjects/seven/data1/0/39.jpg,150,371,528,757,Kitkat green tea 35g
/home/palm/PycharmProjects/seven/data1/0/39.jpg,90,693,528,1037,Ferrero 37.5g
/home/palm/PycharmProjects/seven/data1/0/39.jpg,468,851,978,1621,Break SUPA 30g
/home/palm/PycharmProjects/seven/data1/0/234.jpg,1,1,573,633,Moccona Trio rich and smooth 90g
/home/palm/PycharmProjects/seven/data1/0/234.jpg,250,1178,1080,1795,Birdy 3 in 1 robusta 62g
/home/palm/PycharmProjects/seven/data1/0/234.jpg,1,634,458,1356,Khao shong 3 in 1 espresso 90g
/home/palm/PycharmProjects/seven/data1/0/234.jpg,622,1,1080,1159,Nescafe_blend'nbrew_rich_aroma_157.5g
/home/palm/PycharmProjects/seven/data1/0/198.jpg,1,1,551,596,Nescafe_blend'nbrew_espresso_157.5g
/home/palm/PycharmProjects/seven/data1/0/312.jpg,1,973,581,1317,Birdy robusta can 180ml
/home/palm/PycharmProjects/seven/data1/0/312.jpg,456,184,1080,1225,Lay_ori_27g
/home/palm/PycharmProjects/seven/data1/0/98.jpg,676,924,1068,1447,Break 23.5g
/home/palm/PycharmProjects/seven/data1/0/98.jpg,110,978,622,1803,Milo choco bar 15g
/home/palm/PycharmProjects/seven/data1/0/98.jpg,141,556,462,957,Hershey's creamy milk 40g
/home/palm/PycharmProjects/seven/data1/0/98.jpg,458,663,880,982,Break SUPA 30g
/home/palm/PycharmProjects/seven/data1/0/98.jpg,1,885,308,1361,Kitkat green tea 35g
/home/palm/PycharmProjects/seven/data1/0/26.jpg,150,1285,1046,1920,Kitkat thai tea
/home/palm/PycharmProjects/seven/data1/0/26.jpg,1,933,594,1385,Ferrero 37.5g
/home/palm/PycharmProjects/seven/data1/0/26.jpg,710,961,1080,1474,Break 23.5g
/home/palm/PycharmProjects/seven/data1/0/26.jpg,474,771,1024,1039,Take-it Red
/home/palm/PycharmProjects/seven/data1/0/26.jpg,74,653,570,865,Kitkat red 35g
/home/palm/PycharmProjects/seven/data1/0/26.jpg,1,777,380,1117,Kitkat green tea 35g
/home/palm/PycharmProjects/seven/data1/0/222.jpg,240,317,890,947,Milo serials box 25g
/home/palm/PycharmProjects/seven/data1/0/222.jpg,450,790,1080,1883,Moccona Trio Gold 100g
/home/palm/PycharmProjects/seven/data1/0/222.jpg,1,469,260,990,Kellogg's corn flakes 25g
/home/palm/PycharmProjects/seven/data1/0/54.jpg,1,545,145,1082,Mentos mint 37g
/home/palm/PycharmProjects/seven/data1/0/54.jpg,75,845,459,1265,Mentos sour mix 37g
/home/palm/PycharmProjects/seven/data1/0/54.jpg,357,929,1011,1555,M&M peanut 40g
/home/palm/PycharmProjects/seven/data1/0/54.jpg,364,487,914,967,Mentos fruit 37g
/home/palm/PycharmProjects/seven/data1/0/54.jpg,156,1,900,603,Almond_Fried_56G
/home/palm/PycharmProjects/seven/data1/0/286.jpg,330,605,650,1019,Take-it Black
/home/palm/PycharmProjects/seven/data1/0/286.jpg,34,479,360,932,Jolly bear 25g
/home/palm/PycharmProjects/seven/data1/0/286.jpg,333,322,794,532,Break SUPA 30g
/home/palm/PycharmProjects/seven/data1/0/286.jpg,791,576,972,1073,Mentos mint 37g
/home/palm/PycharmProjects/seven/data1/0/286.jpg,273,1068,974,1860,Lay_ori_27g
/home/palm/PycharmProjects/seven/data1/0/286.jpg,886,719,996,1275,Mentos sour mix 37g
/home/palm/PycharmProjects/seven/data1/0/286.jpg,568,497,780,965,Mentos fruit 37g
/home/palm/PycharmProjects/seven/data1/0/104.jpg,1,683,218,1036,Kitkat green tea 35g
/home/palm/PycharmProjects/seven/data1/0/145.jpg,148,921,968,1528,Ferrero 100g
/home/palm/PycharmProjects/seven/data1/0/145.jpg,346,333,718,913,Ferrero 62.5g
/home/palm/PycharmProjects/seven/data1/0/145.jpg,765,442,1025,883,Ferrero 37.5g
/home/palm/PycharmProjects/seven/data1/0/91.jpg,1,413,476,875,Hershey's creamy milk 40g
/home/palm/PycharmProjects/seven/data1/0/91.jpg,1,865,564,1521,Milo nuggets 30g
/home/palm/PycharmProjects/seven/data1/0/91.jpg,425,325,834,848,Almond_bar
/home/palm/PycharmProjects/seven/data1/0/91.jpg,676,567,1080,1064,Ferrero 37.5g
/home/palm/PycharmProjects/seven/data1/0/91.jpg,544,847,880,1573,Milo choco bar 15g
/home/palm/PycharmProjects/seven/data1/0/190.jpg,121,432,752,839,Moccona Trio Espresso 90g
/home/palm/PycharmProjects/seven/data1/0/225.jpg,1,857,538,1687,Moccona Trio rich and smooth 90g
/home/palm/PycharmProjects/seven/data1/0/225.jpg,612,727,1080,1902,Moccona Trio Gold 100g
/home/palm/PycharmProjects/seven/data1/0/225.jpg,1,131,446,835,Moccona Trio Espresso 90g
/home/palm/PycharmProjects/seven/data1/0/225.jpg,304,15,972,941,Khao shong 3 in 1 super rich 100g
/home/palm/PycharmProjects/seven/data1/0/181.jpg,232,306,608,676,Jolly cola 25g
/home/palm/PycharmProjects/seven/data1/0/181.jpg,322,580,959,1233,Moccona Trio rich and smooth 90g
/home/palm/PycharmProjects/seven/data1/0/181.jpg,1,542,247,989,Jolly bear 25g
/home/palm/PycharmProjects/seven/data1/0/301.jpg,435,1116,1009,1480,Birdy robusta can 180ml
/home/palm/PycharmProjects/seven/data1/0/301.jpg,598,671,1080,1200,Oreo original 29.4g
/home/palm/PycharmProjects/seven/data1/0/301.jpg,276,101,940,655,Lay_ori_27g
/home/palm/PycharmProjects/seven/data1/0/302.jpg,402,1023,1077,1439,Birdy robusta can 180ml
/home/palm/PycharmProjects/seven/data1/0/302.jpg,298,357,948,649,Lay_ori_27g
/home/palm/PycharmProjects/seven/data1/0/302.jpg,714,715,1080,1066,Oreo original 29.4g
/home/palm/PycharmProjects/seven/data1/0/230.jpg,240,805,1067,1611,Moccona Trio rich and smooth 90g
/home/palm/PycharmProjects/seven/data1/0/230.jpg,1,345,414,696,Khao shong 3 in 1 super rich 100g
/home/palm/PycharmProjects/seven/data1/0/230.jpg,363,521,862,890,Moccona Trio Espresso 90g
/home/palm/PycharmProjects/seven/data1/0/230.jpg,1,649,328,1115,Khao shong 3 in 1 espresso 90g
/home/palm/PycharmProjects/seven/data1/0/226.jpg,4,196,534,769,Khao shong 3 in 1 super rich 100g
/home/palm/PycharmProjects/seven/data1/0/226.jpg,323,331,838,955,Moccona Trio Espresso 90g
/home/palm/PycharmProjects/seven/data1/0/270.jpg,90,875,501,1417,Koko_krunch_box_25g
/home/palm/PycharmProjects/seven/data1/0/270.jpg,490,789,1080,1557,Milo serials box 25g
/home/palm/PycharmProjects/seven/data1/0/270.jpg,342,1,1080,508,Pocky chocolate 45g
/home/palm/PycharmProjects/seven/data1/0/270.jpg,1,305,346,846,Kellogg's corn flakes 25g
/home/palm/PycharmProjects/seven/data1/0/238.jpg,1,231,494,572,Moccona Trio rich and smooth 90g
/home/palm/PycharmProjects/seven/data1/0/238.jpg,1,1103,866,1651,Birdy 3 in 1 robusta 62g
/home/palm/PycharmProjects/seven/data1/0/238.jpg,548,480,1054,1076,Khao shong 3 in 1 espresso 90g
/home/palm/PycharmProjects/seven/data1/0/238.jpg,1,573,506,1155,Nescafe_blend'nbrew_rich_aroma_157.5g
/home/palm/PycharmProjects/seven/data1/0/199.jpg,1,403,390,872,Nescafe_blend'nbrew_espresso_157.5g
/home/palm/PycharmProjects/seven/data1/0/274.jpg,380,756,1064,1495,Lay_ori_27g
/home/palm/PycharmProjects/seven/data1/0/252.jpg,1,554,469,1159,Pocky chocolate 45g
/home/palm/PycharmProjects/seven/data1/0/252.jpg,130,1,733,523,Pocky macha 45g
/home/palm/PycharmProjects/seven/data1/0/252.jpg,126,1051,650,1511,Kellogg's corn flakes 25g
/home/palm/PycharmProjects/seven/data1/0/252.jpg,634,322,1080,1354,Pocky cookie and cream 45g
/home/palm/PycharmProjects/seven/data1/0/180.jpg,331,1,850,449,Jolly cola 25g
/home/palm/PycharmProjects/seven/data1/0/180.jpg,34,177,335,717,Jolly bear 25g
/home/palm/PycharmProjects/seven/data1/0/180.jpg,128,780,273,1181,Abacus stick 15g
/home/palm/PycharmProjects/seven/data1/0/151.jpg,340,477,739,1116,Ferrero 62.5g
/home/palm/PycharmProjects/seven/data1/0/151.jpg,103,1110,1017,1695,Ferrero 100g
/home/palm/PycharmProjects/seven/data1/0/151.jpg,584,656,932,1102,Ferrero 37.5g
/home/palm/PycharmProjects/seven/data1/0/29.jpg,1,1001,530,1542,Kitkat red 35g
/home/palm/PycharmProjects/seven/data1/0/29.jpg,384,1015,894,1659,Take-it Black
/home/palm/PycharmProjects/seven/data1/0/29.jpg,522,819,1062,1093,Break 23.5g
/home/palm/PycharmProjects/seven/data1/0/29.jpg,1,747,470,1040,Ferrero 37.5g
/home/palm/PycharmProjects/seven/data1/0/29.jpg,1,627,460,842,Kitkat green tea 35g
/home/palm/PycharmProjects/seven/data1/0/23.jpg,1,1241,786,1918,Kitkat thai tea
/home/palm/PycharmProjects/seven/data1/0/23.jpg,1,849,434,1300,Take-it Black
/home/palm/PycharmProjects/seven/data1/0/23.jpg,564,885,1080,1345,Break 23.5g
/home/palm/PycharmProjects/seven/data1/0/23.jpg,672,595,914,893,Ferrero 37.5g
/home/palm/PycharmProjects/seven/data1/0/23.jpg,400,659,700,915,Take-it Red
/home/palm/PycharmProjects/seven/data1/0/23.jpg,1,604,387,814,Kitkat red 35g
/home/palm/PycharmProjects/seven/data1/0/206.jpg,324,726,1080,1392,Nescafe_blend'nbrew_espresso_157.5g
/home/palm/PycharmProjects/seven/data1/0/179.jpg,251,494,659,704,Jolly cola 25g
/home/palm/PycharmProjects/seven/data1/0/179.jpg,1,894,216,1349,Abacus stick 15g
/home/palm/PycharmProjects/seven/data1/0/179.jpg,1,617,250,896,Jolly bear 25g
/home/palm/PycharmProjects/seven/data1/0/62.jpg,1,817,115,1383,Abacus stick 15g
/home/palm/PycharmProjects/seven/data1/0/62.jpg,44,897,188,1125,Almond_bar
/home/palm/PycharmProjects/seven/data1/0/62.jpg,226,960,680,1328,Abacus yellow 30g
/home/palm/PycharmProjects/seven/data1/0/62.jpg,643,761,989,1011,Abacus pink 30g
/home/palm/PycharmProjects/seven/data1/0/62.jpg,1,385,606,808,Almond_Fried_56G
/home/palm/PycharmProjects/seven/data1/0/68.jpg,54,811,266,1369,Abacus stick 15g
/home/palm/PycharmProjects/seven/data1/0/68.jpg,228,881,548,1191,Halls mentho-lyptus 22.4g
/home/palm/PycharmProjects/seven/data1/0/68.jpg,48,715,716,1043,Hershey's creamy milk 40g
/home/palm/PycharmProjects/seven/data1/0/68.jpg,290,559,732,797,Halls rasp 22.4g
/home/palm/PycharmProjects/seven/data1/0/68.jpg,384,1289,1002,1867,Abacus yellow 30g
/home/palm/PycharmProjects/seven/data1/0/207.jpg,336,503,1080,1297,Nescafe_blend'nbrew_espresso_157.5g
/home/palm/PycharmProjects/seven/data1/0/21.jpg,896,12,1080,737,Ferrero 37.5g
/home/palm/PycharmProjects/seven/data1/0/21.jpg,412,97,892,729,Take-it Red
/home/palm/PycharmProjects/seven/data1/0/21.jpg,158,175,538,531,Kitkat red 35g
/home/palm/PycharmProjects/seven/data1/0/21.jpg,10,591,284,967,Kitkat green tea 35g
/home/palm/PycharmProjects/seven/data1/0/21.jpg,584,759,1076,1106,Break 23.5g
/home/palm/PycharmProjects/seven/data1/0/21.jpg,232,855,650,1303,Take-it Black
/home/palm/PycharmProjects/seven/data1/0/21.jpg,378,1303,868,1811,Kitkat thai tea
/home/palm/PycharmProjects/seven/data1/0/285.jpg,491,1,1080,404,Break SUPA 30g
/home/palm/PycharmProjects/seven/data1/0/285.jpg,443,543,801,942,Abacus pink 30g
/home/palm/PycharmProjects/seven/data1/0/285.jpg,182,389,540,976,Jolly bear 25g
/home/palm/PycharmProjects/seven/data1/0/285.jpg,386,1129,1006,1920,Lay_ori_27g
/home/palm/PycharmProjects/seven/data1/0/285.jpg,810,553,1080,1070,Abacus yellow 30g
/home/palm/PycharmProjects/seven/data1/0/105.jpg,74,368,314,843,Kitkat green tea 35g
/home/palm/PycharmProjects/seven/data1/0/221.jpg,176,571,742,973,Milo serials box 25g
/home/palm/PycharmProjects/seven/data1/0/221.jpg,352,783,1080,1669,Moccona Trio Gold 100g
/home/palm/PycharmProjects/seven/data1/0/221.jpg,1,571,120,867,Kellogg's corn flakes 25g
/home/palm/PycharmProjects/seven/data1/0/67.jpg,448,1280,846,1706,Abacus yellow 30g
/home/palm/PycharmProjects/seven/data1/0/67.jpg,122,1115,358,1347,Abacus stick 15g
/home/palm/PycharmProjects/seven/data1/0/67.jpg,88,823,548,1147,Halls mentho-lyptus 22.4g
/home/palm/PycharmProjects/seven/data1/0/67.jpg,48,579,694,977,Hershey's creamy milk 40g
/home/palm/PycharmProjects/seven/data1/0/67.jpg,265,319,685,601,Halls rasp 22.4g
/home/palm/PycharmProjects/seven/data1/0/259.jpg,70,22,655,457,Pocky macha 45g
/home/palm/PycharmProjects/seven/data1/0/259.jpg,1,453,400,1003,Kellogg's corn flakes 25g
/home/palm/PycharmProjects/seven/data1/0/259.jpg,1,1045,374,1567,Koko_krunch_box_25g
/home/palm/PycharmProjects/seven/data1/0/259.jpg,605,273,1080,861,Pocky cookie and cream 45g
/home/palm/PycharmProjects/seven/data1/0/311.jpg,484,521,1080,955,Lay_ori_27g
/home/palm/PycharmProjects/seven/data1/0/311.jpg,142,462,500,1089,Birdy robusta can 180ml
/home/palm/PycharmProjects/seven/data1/0/296.jpg,516,439,1052,792,Lay_ori_27g
/home/palm/PycharmProjects/seven/data1/0/296.jpg,1,885,935,1920,Lays squid 27g
/home/palm/PycharmProjects/seven/data1/0/296.jpg,357,773,1036,1132,Oreo original 29.4g
/home/palm/PycharmProjects/seven/data1/0/296.jpg,1,564,432,886,Jolly bear 25g
/home/palm/PycharmProjects/seven/data1/0/12.jpg,436,991,1008,1455,Kitkat thai tea
/home/palm/PycharmProjects/seven/data1/0/12.jpg,172,777,632,1197,Take-it Black
/home/palm/PycharmProjects/seven/data1/0/12.jpg,380,299,776,847,Kitkat green tea 35g
/home/palm/PycharmProjects/seven/data1/0/12.jpg,380,1,980,445,Take-it Red
/home/palm/PycharmProjects/seven/data1/0/12.jpg,726,363,1080,1128,Kitkat red 35g
/home/palm/PycharmProjects/seven/data1/0/171.jpg,460,991,996,1684,Jolly bear 25g
/home/palm/PycharmProjects/seven/data1/0/171.jpg,1,443,254,831,Jolly cola 25g
/home/palm/PycharmProjects/seven/data1/0/83.jpg,180,1027,778,1515,Halls rasp 22.4g
/home/palm/PycharmProjects/seven/data1/0/83.jpg,1,679,389,917,Almond_bar
/home/palm/PycharmProjects/seven/data1/0/83.jpg,1,1123,268,1643,Ferrero 37.5g
/home/palm/PycharmProjects/seven/data1/0/83.jpg,324,577,706,891,Milo choco bar 15g
/home/palm/PycharmProjects/seven/data1/0/83.jpg,478,795,1080,1131,Milo nuggets 30g
/home/palm/PycharmProjects/seven/data1/0/83.jpg,1,897,352,1289,Halls honey 22.4g
/home/palm/PycharmProjects/seven/data1/0/83.jpg,98,807,552,1149,Halls mentho-lyptus 22.4g
/home/palm/PycharmProjects/seven/data1/0/175.jpg,4,1175,516,1685,Jolly bear 25g
/home/palm/PycharmProjects/seven/data1/0/175.jpg,1,735,212,1168,Jolly cola 25g
/home/palm/PycharmProjects/seven/data1/0/293.jpg,156,458,468,717,Jolly bear 25g
/home/palm/PycharmProjects/seven/data1/0/293.jpg,1,1,226,1021,Mirinda orange 440ml
/home/palm/PycharmProjects/seven/data1/0/293.jpg,296,1097,1080,1474,Oreo original 29.4g
/home/palm/PycharmProjects/seven/data1/0/194.jpg,626,583,826,868,Moccona Trio Espresso 90g
/home/palm/PycharmProjects/seven/data1/0/178.jpg,241,309,618,687,Jolly cola 25g
/home/palm/PycharmProjects/seven/data1/0/178.jpg,1,551,266,986,Jolly bear 25g
/home/palm/PycharmProjects/seven/data1/0/191.jpg,64,539,797,843,Moccona Trio Espresso 90g
/home/palm/PycharmProjects/seven/data1/0/261.jpg,1,1102,431,1559,Koko_krunch_box_25g
/home/palm/PycharmProjects/seven/data1/0/261.jpg,1,528,516,1028,Kellogg's corn flakes 25g
/home/palm/PycharmProjects/seven/data1/0/261.jpg,1,426,225,717,Pocky chocolate 45g
/home/palm/PycharmProjects/seven/data1/0/261.jpg,64,1,882,287,Pocky macha 45g
/home/palm/PycharmProjects/seven/data1/0/63.jpg,4,967,269,1112,Abacus stick 15g
/home/palm/PycharmProjects/seven/data1/0/63.jpg,1,498,309,863,Almond_bar
/home/palm/PycharmProjects/seven/data1/0/63.jpg,264,785,576,1177,Abacus yellow 30g
/home/palm/PycharmProjects/seven/data1/0/63.jpg,632,403,1080,883,Abacus pink 30g
/home/palm/PycharmProjects/seven/data1/0/63.jpg,2,1,732,405,Almond_Fried_56G
/home/palm/PycharmProjects/seven/data1/0/217.jpg,300,395,810,864,Milo serials box 25g
/home/palm/PycharmProjects/seven/data1/0/217.jpg,368,825,1080,1627,Moccona Trio Gold 100g
/home/palm/PycharmProjects/seven/data1/0/217.jpg,1,396,266,835,Kellogg's corn flakes 25g
/home/palm/PycharmProjects/seven/data1/0/86.jpg,565,764,900,1289,Milo choco bar 15g
/home/palm/PycharmProjects/seven/data1/0/86.jpg,1,595,492,809,Hershey's creamy milk 40g
/home/palm/PycharmProjects/seven/data1/0/86.jpg,1,876,612,1353,Milo nuggets 30g
/home/palm/PycharmProjects/seven/data1/0/86.jpg,25,661,664,873,Almond_bar
/home/palm/PycharmProjects/seven/data1/0/86.jpg,96,769,666,953,Ferrero 37.5g
/home/palm/PycharmProjects/seven/data1/0/6.jpg,10,327,282,871,Take-it Black
/home/palm/PycharmProjects/seven/data1/0/6.jpg,189,23,631,645,Take-it Red
/home/palm/PycharmProjects/seven/data1/0/6.jpg,528,499,1040,1183,Kitkat thai tea
/home/palm/PycharmProjects/seven/data1/0/6.jpg,646,1,1045,401,Kitkat green tea 35g
/home/palm/PycharmProjects/seven/data1/0/51.jpg,222,605,426,1207,Mentos sour mix 37g
/home/palm/PycharmProjects/seven/data1/0/51.jpg,8,553,146,1079,Mentos mint 37g
/home/palm/PycharmProjects/seven/data1/0/51.jpg,156,339,590,743,Mentos fruit 37g
/home/palm/PycharmProjects/seven/data1/0/51.jpg,456,183,980,779,Kitkat green tea 35g
/home/palm/PycharmProjects/seven/data1/0/51.jpg,1,1,642,443,Almond_Fried_56G
/home/palm/PycharmProjects/seven/data1/0/220.jpg,174,487,696,995,Milo serials box 25g
/home/palm/PycharmProjects/seven/data1/0/220.jpg,410,753,1080,1659,Moccona Trio Gold 100g
/home/palm/PycharmProjects/seven/data1/0/309.jpg,452,189,1080,1322,Lay_ori_27g
/home/palm/PycharmProjects/seven/data1/0/309.jpg,1,975,596,1323,Birdy robusta can 180ml
/home/palm/PycharmProjects/seven/data1/0/149.jpg,1,800,782,1635,Ferrero 100g
/home/palm/PycharmProjects/seven/data1/0/149.jpg,570,822,1080,1040,Ferrero 37.5g
/home/palm/PycharmProjects/seven/data1/0/149.jpg,317,555,954,889,Ferrero 62.5g
/home/palm/PycharmProjects/seven/data1/0/82.jpg,294,302,667,777,Milo choco bar 15g
/home/palm/PycharmProjects/seven/data1/0/82.jpg,281,986,745,1454,Halls rasp 22.4g
/home/palm/PycharmProjects/seven/data1/0/82.jpg,625,601,1080,1069,Milo nuggets 30g
/home/palm/PycharmProjects/seven/data1/0/82.jpg,1,1121,378,1557,Ferrero 37.5g
/home/palm/PycharmProjects/seven/data1/0/82.jpg,1,533,381,955,Almond_bar
/home/palm/PycharmProjects/seven/data1/0/82.jpg,2,873,396,1293,Halls honey 22.4g
/home/palm/PycharmProjects/seven/data1/0/82.jpg,134,741,554,1117,Halls mentho-lyptus 22.4g
/home/palm/PycharmProjects/seven/data1/0/85.jpg,1,877,590,1393,Milo nuggets 30g
/home/palm/PycharmProjects/seven/data1/0/85.jpg,1,341,440,783,Hershey's creamy milk 40g
/home/palm/PycharmProjects/seven/data1/0/85.jpg,549,610,888,1216,Milo choco bar 15g
/home/palm/PycharmProjects/seven/data1/0/85.jpg,220,641,658,909,Ferrero 37.5g
/home/palm/PycharmProjects/seven/data1/0/85.jpg,47,461,626,858,Almond_bar
/home/palm/PycharmProjects/seven/data1/0/163.jpg,393,812,1013,1445,Jolly bear 25g
/home/palm/PycharmProjects/seven/data1/0/163.jpg,1,836,392,1438,Jolly cola 25g
/home/palm/PycharmProjects/seven/data1/0/244.jpg,1,726,482,1341,Pocky chocolate 45g
/home/palm/PycharmProjects/seven/data1/0/244.jpg,400,398,911,991,Pocky cookie and cream 45g
/home/palm/PycharmProjects/seven/data1/0/244.jpg,1,470,323,827,Pocky macha 45g
/home/palm/PycharmProjects/seven/data1/0/74.jpg,14,911,286,1487,Abacus stick 15g
/home/palm/PycharmProjects/seven/data1/0/74.jpg,1,766,304,1061,Halls honey 22.4g
/home/palm/PycharmProjects/seven/data1/0/74.jpg,370,1033,1080,1814,Hershey's creamy milk 40g
/home/palm/PycharmProjects/seven/data1/0/74.jpg,460,805,966,1079,Halls rasp 22.4g
/home/palm/PycharmProjects/seven/data1/0/74.jpg,292,635,676,859,Halls mentho-lyptus 22.4g
/home/palm/PycharmProjects/seven/data1/0/44.jpg,5,1182,833,1788,Break 23.5g
/home/palm/PycharmProjects/seven/data1/0/44.jpg,1,941,296,1238,Ferrero 37.5g
/home/palm/PycharmProjects/seven/data1/0/44.jpg,677,754,1013,1278,Almond_bar
/home/palm/PycharmProjects/seven/data1/0/44.jpg,364,657,780,1259,Ferrero 62.5g
/home/palm/PycharmProjects/seven/data1/0/44.jpg,1,505,568,962,Ferrero 100g
/home/palm/PycharmProjects/seven/data1/0/2.jpg,1,507,394,785,Take-it Black
/home/palm/PycharmProjects/seven/data1/0/2.jpg,1,965,384,1534,Kitkat thai tea
/home/palm/PycharmProjects/seven/data1/0/2.jpg,130,681,606,1031,Take-it Red
/home/palm/PycharmProjects/seven/data1/0/2.jpg,362,957,1070,1505,Kitkat red 35g
/home/palm/PycharmProjects/seven/data1/0/2.jpg,586,755,1036,1113,Kitkat green tea 35g
/home/palm/PycharmProjects/seven/data1/0/27.jpg,432,1279,1000,1745,Kitkat thai tea
/home/palm/PycharmProjects/seven/data1/0/27.jpg,252,891,726,1293,Ferrero 37.5g
/home/palm/PycharmProjects/seven/data1/0/27.jpg,152,537,530,1035,Kitkat green tea 35g
/home/palm/PycharmProjects/seven/data1/0/27.jpg,272,241,756,617,Kitkat red 35g
/home/palm/PycharmProjects/seven/data1/0/27.jpg,628,298,1080,937,Take-it Red
/home/palm/PycharmProjects/seven/data1/0/27.jpg,872,757,1080,1481,Break 23.5g
/home/palm/PycharmProjects/seven/data1/0/5.jpg,448,843,874,1289,Kitkat red 35g
/home/palm/PycharmProjects/seven/data1/0/5.jpg,1,905,446,1234,Kitkat thai tea
/home/palm/PycharmProjects/seven/data1/0/5.jpg,20,603,546,891,Take-it Red
/home/palm/PycharmProjects/seven/data1/0/5.jpg,534,579,820,841,Kitkat green tea 35g
/home/palm/PycharmProjects/seven/data1/0/250.jpg,1,283,532,616,Pocky macha 45g
/home/palm/PycharmProjects/seven/data1/0/250.jpg,26,920,575,1417,Kellogg's corn flakes 25g
/home/palm/PycharmProjects/seven/data1/0/250.jpg,589,480,1017,1088,Pocky cookie and cream 45g
/home/palm/PycharmProjects/seven/data1/0/250.jpg,1,591,302,1045,Pocky chocolate 45g
/home/palm/PycharmProjects/seven/data1/0/77.jpg,436,957,924,1471,Halls rasp 22.4g
/home/palm/PycharmProjects/seven/data1/0/77.jpg,606,675,864,933,Halls mentho-lyptus 22.4g
/home/palm/PycharmProjects/seven/data1/0/77.jpg,268,715,540,993,Halls honey 22.4g
/home/palm/PycharmProjects/seven/data1/0/77.jpg,22,953,418,1645,Ferrero 37.5g
/home/palm/PycharmProjects/seven/data1/0/208.jpg,340,773,1080,1487,Nescafe_blend'nbrew_rich_aroma_157.5g
/home/palm/PycharmProjects/seven/data1/0/72.jpg,236,1113,580,1515,Abacus yellow 30g
/home/palm/PycharmProjects/seven/data1/0/72.jpg,182,715,330,1137,Abacus stick 15g
/home/palm/PycharmProjects/seven/data1/0/72.jpg,122,269,396,661,Abacus pink 30g
/home/palm/PycharmProjects/seven/data1/0/72.jpg,346,45,656,609,Halls mentho-lyptus 22.4g
/home/palm/PycharmProjects/seven/data1/0/72.jpg,560,191,1068,817,Halls rasp 22.4g
/home/palm/PycharmProjects/seven/data1/0/72.jpg,370,783,1080,1261,Hershey's creamy milk 40g
/home/palm/PycharmProjects/seven/data1/0/76.jpg,592,441,842,807,Halls mentho-lyptus 22.4g
/home/palm/PycharmProjects/seven/data1/0/76.jpg,256,563,534,959,Halls honey 22.4g
/home/palm/PycharmProjects/seven/data1/0/76.jpg,202,971,458,1587,Ferrero 37.5g
/home/palm/PycharmProjects/seven/data1/0/76.jpg,474,891,870,1369,Halls rasp 22.4g
/home/palm/PycharmProjects/seven/data1/0/96.jpg,1,285,408,939,Milo nuggets 30g
/home/palm/PycharmProjects/seven/data1/0/96.jpg,540,1,1038,771,Break SUPA 30g
/home/palm/PycharmProjects/seven/data1/0/96.jpg,212,711,621,1441,Milo choco bar 15g
/home/palm/PycharmProjects/seven/data1/0/96.jpg,529,747,974,1417,Break 23.5g
/home/palm/PycharmProjects/seven/data1/0/96.jpg,230,1,755,363,Hershey's creamy milk 40g
/home/palm/PycharmProjects/seven/data1/0/288.jpg,484,1,1080,373,Break SUPA 30g
/home/palm/PycharmProjects/seven/data1/0/288.jpg,478,473,808,1105,Take-it Black
/home/palm/PycharmProjects/seven/data1/0/288.jpg,169,389,522,934,Jolly bear 25g
/home/palm/PycharmProjects/seven/data1/0/288.jpg,347,1225,980,1920,Lay_ori_27g
/home/palm/PycharmProjects/seven/data1/0/288.jpg,744,335,943,1111,Mentos fruit 37g
/home/palm/PycharmProjects/seven/data1/0/53.jpg,464,1041,1080,1781,M&M peanut 40g
/home/palm/PycharmProjects/seven/data1/0/53.jpg,366,809,802,1163,Mentos fruit 37g
/home/palm/PycharmProjects/seven/data1/0/53.jpg,1,561,684,906,Almond_Fried_56G
/home/palm/PycharmProjects/seven/data1/0/53.jpg,1,1127,562,1449,Mentos sour mix 37g
/home/palm/PycharmProjects/seven/data1/0/7.jpg,68,533,502,913,Take-it Black
/home/palm/PycharmProjects/seven/data1/0/7.jpg,328,679,784,1081,Kitkat thai tea
/home/palm/PycharmProjects/seven/data1/0/7.jpg,610,543,1066,933,Kitkat red 35g
/home/palm/PycharmProjects/seven/data1/0/7.jpg,456,223,834,605,Kitkat green tea 35g
/home/palm/PycharmProjects/seven/data1/0/7.jpg,160,213,562,615,Take-it Red
/home/palm/PycharmProjects/seven/data1/0/141.jpg,698,1,1080,697,Mentos mint 37g
/home/palm/PycharmProjects/seven/data1/0/141.jpg,400,225,676,698,Abacus stick 15g
/home/palm/PycharmProjects/seven/data1/0/141.jpg,246,877,792,1075,Mentos sour mix 37g
/home/palm/PycharmProjects/seven/data1/0/141.jpg,288,321,508,923,Mentos fruit 37g
/home/palm/PycharmProjects/seven/data1/0/269.jpg,439,711,973,1266,Milo serials box 25g
/home/palm/PycharmProjects/seven/data1/0/269.jpg,1,726,356,1257,Koko_krunch_box_25g
/home/palm/PycharmProjects/seven/data1/0/269.jpg,246,449,801,744,Pocky chocolate 45g
/home/palm/PycharmProjects/seven/data1/0/269.jpg,1,451,196,728,Kellogg's corn flakes 25g
/home/palm/PycharmProjects/seven/data1/0/192.jpg,250,22,950,661,Moccona Trio Espresso 90g
/home/palm/PycharmProjects/seven/data1/0/202.jpg,267,498,988,999,Nescafe_blend'nbrew_espresso_157.5g
/home/palm/PycharmProjects/seven/data1/0/166.jpg,686,755,1077,1347,Jolly bear 25g
/home/palm/PycharmProjects/seven/data1/0/37.jpg,1,567,372,880,Kitkat green tea 35g
/home/palm/PycharmProjects/seven/data1/0/37.jpg,352,367,896,809,Almond_bar
/home/palm/PycharmProjects/seven/data1/0/37.jpg,1,797,410,1115,Ferrero 37.5g
/home/palm/PycharmProjects/seven/data1/0/37.jpg,472,703,940,1171,Break 23.5g
/home/palm/PycharmProjects/seven/data1/0/37.jpg,340,941,890,1547,Break SUPA 30g
/home/palm/PycharmProjects/seven/data1/0/265.jpg,86,44,606,358,Pocky macha 45g
/home/palm/PycharmProjects/seven/data1/0/265.jpg,345,401,948,757,Pocky strawberry 45g
/home/palm/PycharmProjects/seven/data1/0/265.jpg,1,687,246,1132,Kellogg's corn flakes 25g
/home/palm/PycharmProjects/seven/data1/0/282.jpg,28,251,358,760,Jolly bear 25g
/home/palm/PycharmProjects/seven/data1/0/282.jpg,456,360,861,815,Abacus pink 30g
/home/palm/PycharmProjects/seven/data1/0/282.jpg,326,1,710,477,Break SUPA 30g
/home/palm/PycharmProjects/seven/data1/0/282.jpg,284,1058,1080,1858,Lay_ori_27g
/home/palm/PycharmProjects/seven/data1/0/282.jpg,780,545,1080,1031,Abacus yellow 30g
/home/palm/PycharmProjects/seven/data1/0/282.jpg,752,1,1080,321,Jolly cola 25g
/home/palm/PycharmProjects/seven/data1/0/240.jpg,173,1218,872,1891,Birdy 3 in 1 robusta 62g
/home/palm/PycharmProjects/seven/data1/0/240.jpg,6,554,665,1211,Nescafe_blend'nbrew_rich_aroma_157.5g
/home/palm/PycharmProjects/seven/data1/0/240.jpg,84,1,690,522,Moccona Trio rich and smooth 90g
/home/palm/PycharmProjects/seven/data1/0/164.jpg,330,798,1064,1437,Jolly bear 25g
/home/palm/PycharmProjects/seven/data1/0/164.jpg,1,729,360,1240,Jolly cola 25g
/home/palm/PycharmProjects/seven/data1/0/257.jpg,534,568,1064,1063,Pocky cookie and cream 45g
/home/palm/PycharmProjects/seven/data1/0/257.jpg,1,758,746,1411,Lay_ori_27g
/home/palm/PycharmProjects/seven/data1/0/257.jpg,1,569,156,789,Pocky macha 45g
/home/palm/PycharmProjects/seven/data1/0/94.jpg,21,285,590,677,Hershey's creamy milk 40g
/home/palm/PycharmProjects/seven/data1/0/94.jpg,647,836,946,1367,Break 23.5g
/home/palm/PycharmProjects/seven/data1/0/94.jpg,1,597,443,1217,Milo nuggets 30g
/home/palm/PycharmProjects/seven/data1/0/94.jpg,460,409,769,889,Break SUPA 30g
/home/palm/PycharmProjects/seven/data1/0/94.jpg,287,907,624,1649,Milo choco bar 15g
/home/palm/PycharmProjects/seven/data1/0/73.jpg,5,736,348,1104,Halls honey 22.4g
/home/palm/PycharmProjects/seven/data1/0/73.jpg,283,400,647,760,Halls mentho-lyptus 22.4g
/home/palm/PycharmProjects/seven/data1/0/73.jpg,464,683,920,977,Halls rasp 22.4g
/home/palm/PycharmProjects/seven/data1/0/73.jpg,406,964,1080,1620,Hershey's creamy milk 40g
/home/palm/PycharmProjects/seven/data1/0/73.jpg,98,1237,374,1465,Abacus stick 15g
/home/palm/PycharmProjects/seven/data1/0/215.jpg,1,938,1080,1565,Moccona Trio Gold 100g
/home/palm/PycharmProjects/seven/data1/0/215.jpg,84,361,516,660,Kellogg's corn flakes 25g
/home/palm/PycharmProjects/seven/data1/0/58.jpg,145,1294,385,1514,Abacus stick 15g
/home/palm/PycharmProjects/seven/data1/0/58.jpg,640,849,1016,1209,Abacus pink 30g
/home/palm/PycharmProjects/seven/data1/0/58.jpg,122,931,484,1295,Abacus yellow 30g
/home/palm/PycharmProjects/seven/data1/0/58.jpg,1,667,138,1150,Almond_bar
/home/palm/PycharmProjects/seven/data1/0/58.jpg,92,325,800,931,Almond_Fried_56G
/home/palm/PycharmProjects/seven/data1/0/66.jpg,263,968,601,1354,Abacus yellow 30g
/home/palm/PycharmProjects/seven/data1/0/66.jpg,146,813,470,1133,Abacus stick 15g
/home/palm/PycharmProjects/seven/data1/0/66.jpg,172,1,709,733,Almond_Fried_56G
/home/palm/PycharmProjects/seven/data1/0/92.jpg,539,932,1014,1694,Milo choco bar 15g
/home/palm/PycharmProjects/seven/data1/0/92.jpg,1,599,457,886,Hershey's creamy milk 40g
/home/palm/PycharmProjects/seven/data1/0/92.jpg,1,850,541,1557,Milo nuggets 30g
/home/palm/PycharmProjects/seven/data1/0/92.jpg,429,611,819,952,Almond_bar
/home/palm/PycharmProjects/seven/data1/0/92.jpg,756,714,1080,1174,Ferrero 37.5g
/home/palm/PycharmProjects/seven/data1/0/258.jpg,225,1,854,504,Pocky macha 45g
/home/palm/PycharmProjects/seven/data1/0/258.jpg,1,471,348,871,Pocky chocolate 45g
/home/palm/PycharmProjects/seven/data1/0/258.jpg,135,823,758,1619,Lay_ori_27g
/home/palm/PycharmProjects/seven/data1/0/258.jpg,598,175,1080,1197,Pocky cookie and cream 45g
/home/palm/PycharmProjects/seven/data1/0/278.jpg,367,541,854,750,Jolly bear 25g
/home/palm/PycharmProjects/seven/data1/0/278.jpg,330,748,1080,1443,Lay_ori_27g
/home/palm/PycharmProjects/seven/data1/0/278.jpg,1,525,352,754,Jolly cola 25g
/home/palm/PycharmProjects/seven/data1/0/79.jpg,38,248,523,653,Milo choco bar 15g
/home/palm/PycharmProjects/seven/data1/0/79.jpg,4,1088,421,1425,Ferrero 37.5g
/home/palm/PycharmProjects/seven/data1/0/79.jpg,514,381,993,813,Milo nuggets 30g
/home/palm/PycharmProjects/seven/data1/0/79.jpg,200,818,656,1164,Halls mentho-lyptus 22.4g
/home/palm/PycharmProjects/seven/data1/0/79.jpg,1,565,575,853,Almond_bar
/home/palm/PycharmProjects/seven/data1/0/79.jpg,600,828,894,1342,Halls rasp 22.4g
/home/palm/PycharmProjects/seven/data1/0/79.jpg,1,754,192,1065,Halls honey 22.4g
/home/palm/PycharmProjects/seven/data1/0/216.jpg,136,1,648,418,Kellogg's corn flakes 25g
/home/palm/PycharmProjects/seven/data1/0/216.jpg,238,956,980,1731,Moccona Trio Gold 100g
/home/palm/PycharmProjects/seven/data1/0/60.jpg,1,1103,326,1280,Abacus stick 15g
/home/palm/PycharmProjects/seven/data1/0/60.jpg,578,783,1004,1243,Abacus pink 30g
/home/palm/PycharmProjects/seven/data1/0/60.jpg,162,719,442,1087,Abacus yellow 30g
/home/palm/PycharmProjects/seven/data1/0/60.jpg,1,371,280,993,Almond_bar
/home/palm/PycharmProjects/seven/data1/0/60.jpg,228,1,1044,683,Almond_Fried_56G
/home/palm/PycharmProjects/seven/data1/0/228.jpg,116,1,673,775,Khao shong 3 in 1 super rich 100g
/home/palm/PycharmProjects/seven/data1/0/228.jpg,452,1,1080,1041,Moccona Trio Espresso 90g
/home/palm/PycharmProjects/seven/data1/0/228.jpg,340,1094,1058,1917,Moccona Trio rich and smooth 90g
/home/palm/PycharmProjects/seven/data1/0/47.jpg,1,995,226,1712,Ferrero 37.5g
/home/palm/PycharmProjects/seven/data1/0/47.jpg,136,489,362,1007,Ferrero 62.5g
/home/palm/PycharmProjects/seven/data1/0/47.jpg,346,1079,954,1757,Break 23.5g
/home/palm/PycharmProjects/seven/data1/0/47.jpg,458,813,1080,1398,Almond_bar
/home/palm/PycharmProjects/seven/data1/0/47.jpg,522,681,970,921,Kitkat green tea 35g
/home/palm/PycharmProjects/seven/data1/0/100.jpg,108,329,587,596,Break SUPA 30g
/home/palm/PycharmProjects/seven/data1/0/100.jpg,411,703,888,935,Break 23.5g
/home/palm/PycharmProjects/seven/data1/0/100.jpg,187,1090,680,1423,Kitkat green tea 35g
/home/palm/PycharmProjects/seven/data1/0/100.jpg,1,540,596,863,Hershey's creamy milk 40g
/home/palm/PycharmProjects/seven/data1/0/100.jpg,189,911,898,1108,Milo choco bar 15g
/home/palm/PycharmProjects/seven/data1/0/103.jpg,1,691,244,1105,Kitkat green tea 35g
/home/palm/PycharmProjects/seven/data1/0/132.jpg,240,141,607,711,Mentos sour mix 37g
/home/palm/PycharmProjects/seven/data1/0/132.jpg,77,1,214,541,Mentos mint 37g
/home/palm/PycharmProjects/seven/data1/0/132.jpg,136,101,480,643,Mentos fruit 37g
/home/palm/PycharmProjects/seven/data1/0/137.jpg,428,325,587,709,Abacus stick 15g
/home/palm/PycharmProjects/seven/data1/0/137.jpg,258,719,413,1201,Mentos sour mix 37g
/home/palm/PycharmProjects/seven/data1/0/137.jpg,411,653,910,823,Mentos fruit 37g
/home/palm/PycharmProjects/seven/data1/0/137.jpg,80,513,258,857,Mentos mint 37g
/home/palm/PycharmProjects/seven/data1/0/281.jpg,1,519,212,707,Jolly bear 25g
/home/palm/PycharmProjects/seven/data1/0/281.jpg,178,431,554,670,Break SUPA 30g
/home/palm/PycharmProjects/seven/data1/0/281.jpg,68,856,1080,1469,Lay_ori_27g
/home/palm/PycharmProjects/seven/data1/0/281.jpg,662,695,1000,913,Abacus yellow 30g
/home/palm/PycharmProjects/seven/data1/0/281.jpg,585,477,892,650,Jolly cola 25g
/home/palm/PycharmProjects/seven/data1/0/281.jpg,365,601,672,804,Abacus pink 30g
/home/palm/PycharmProjects/seven/data1/0/266.jpg,138,258,625,561,Pocky macha 45g
/home/palm/PycharmProjects/seven/data1/0/170.jpg,590,997,1080,1684,Jolly bear 25g
/home/palm/PycharmProjects/seven/data1/0/46.jpg,18,1075,346,1675,Ferrero 37.5g
/home/palm/PycharmProjects/seven/data1/0/46.jpg,136,312,346,980,Ferrero 62.5g
/home/palm/PycharmProjects/seven/data1/0/46.jpg,388,1061,862,1647,Break 23.5g
/home/palm/PycharmProjects/seven/data1/0/46.jpg,450,718,1068,1308,Almond_bar
/home/palm/PycharmProjects/seven/data1/0/46.jpg,498,427,956,787,Kitkat green tea 35g
/home/palm/PycharmProjects/seven/data1/0/93.jpg,478,1,1080,667,Almond_bar
/home/palm/PycharmProjects/seven/data1/0/93.jpg,82,1,595,579,Hershey's creamy milk 40g
/home/palm/PycharmProjects/seven/data1/0/93.jpg,62,622,525,1296,Milo nuggets 30g
/home/palm/PycharmProjects/seven/data1/0/93.jpg,442,695,796,1549,Milo choco bar 15g
/home/palm/PycharmProjects/seven/data1/0/93.jpg,750,429,1080,1129,Ferrero 37.5g
/home/palm/PycharmProjects/seven/data1/0/136.jpg,400,521,900,798,Mentos fruit 37g
/home/palm/PycharmProjects/seven/data1/0/136.jpg,406,269,538,623,Abacus stick 15g
/home/palm/PycharmProjects/seven/data1/0/136.jpg,108,407,226,885,Mentos mint 37g
/home/palm/PycharmProjects/seven/data1/0/136.jpg,264,707,464,1251,Mentos sour mix 37g
/home/palm/PycharmProjects/seven/data1/0/232.jpg,1,155,404,567,Moccona Trio rich and smooth 90g
/home/palm/PycharmProjects/seven/data1/0/232.jpg,142,975,1003,1593,Birdy 3 in 1 robusta 62g
/home/palm/PycharmProjects/seven/data1/0/232.jpg,1,647,276,1376,Khao shong 3 in 1 espresso 90g
/home/palm/PycharmProjects/seven/data1/0/189.jpg,155,865,804,1490,Moccona Trio rich and smooth 90g
/home/palm/PycharmProjects/seven/data1/0/80.jpg,487,643,998,903,Milo nuggets 30g
/home/palm/PycharmProjects/seven/data1/0/80.jpg,100,535,537,780,Milo choco bar 15g
/home/palm/PycharmProjects/seven/data1/0/80.jpg,1,1079,370,1454,Ferrero 37.5g
/home/palm/PycharmProjects/seven/data1/0/80.jpg,608,932,929,1406,Halls rasp 22.4g
/home/palm/PycharmProjects/seven/data1/0/80.jpg,131,925,682,1169,Halls mentho-lyptus 22.4g
/home/palm/PycharmProjects/seven/data1/0/80.jpg,1,663,576,931,Almond_bar
/home/palm/PycharmProjects/seven/data1/0/80.jpg,1,784,144,1065,Halls honey 22.4g
/home/palm/PycharmProjects/seven/data1/0/17.jpg,1,763,78,985,Kitkat green tea 35g
/home/palm/PycharmProjects/seven/data1/0/17.jpg,1,601,406,822,Kitkat red 35g
/home/palm/PycharmProjects/seven/data1/0/17.jpg,282,661,658,931,Take-it Red
/home/palm/PycharmProjects/seven/data1/0/17.jpg,664,781,1080,1225,Ferrero 37.5g
/home/palm/PycharmProjects/seven/data1/0/17.jpg,1,871,586,1360,Take-it Black
/home/palm/PycharmProjects/seven/data1/0/17.jpg,488,1057,1080,1639,Break 23.5g
/home/palm/PycharmProjects/seven/data1/0/17.jpg,1,1279,818,1917,Kitkat thai tea
/home/palm/PycharmProjects/seven/data1/0/236.jpg,441,646,1080,1140,Khao shong 3 in 1 espresso 90g
/home/palm/PycharmProjects/seven/data1/0/236.jpg,1,591,541,1145,Nescafe_blend'nbrew_rich_aroma_157.5g
/home/palm/PycharmProjects/seven/data1/0/236.jpg,1,409,396,569,Moccona Trio rich and smooth 90g
/home/palm/PycharmProjects/seven/data1/0/279.jpg,520,1,1080,737,Jolly bear 25g
/home/palm/PycharmProjects/seven/data1/0/279.jpg,146,172,505,706,Jolly cola 25g
/home/palm/PycharmProjects/seven/data1/0/279.jpg,440,866,1080,1815,Lay_ori_27g
/home/palm/PycharmProjects/seven/data1/0/237.jpg,124,1283,887,1920,Birdy 3 in 1 robusta 62g
/home/palm/PycharmProjects/seven/data1/0/237.jpg,1,1,494,427,Moccona Trio rich and smooth 90g
/home/palm/PycharmProjects/seven/data1/0/237.jpg,437,411,1080,1473,Khao shong 3 in 1 espresso 90g
/home/palm/PycharmProjects/seven/data1/0/237.jpg,88,336,741,1183,Nescafe_blend'nbrew_rich_aroma_157.5g
/home/palm/PycharmProjects/seven/data1/0/272.jpg,465,723,972,1295,Milo serials box 25g
/home/palm/PycharmProjects/seven/data1/0/272.jpg,70,413,484,640,Pocky strawberry 45g
/home/palm/PycharmProjects/seven/data1/0/272.jpg,1,838,278,1472,Koko_krunch_box_25g
/home/palm/PycharmProjects/seven/data1/0/272.jpg,439,491,846,816,Pocky chocolate 45g
/home/palm/PycharmProjects/seven/data1/0/272.jpg,1,572,412,975,Kellogg's corn flakes 25g
/home/palm/PycharmProjects/seven/data1/0/253.jpg,525,505,1080,1064,Pocky cookie and cream 45g
/home/palm/PycharmProjects/seven/data1/0/253.jpg,1,225,554,541,Pocky macha 45g
/home/palm/PycharmProjects/seven/data1/0/253.jpg,24,776,700,1551,Lay_ori_27g
/home/palm/PycharmProjects/seven/data1/0/253.jpg,1,547,338,951,Pocky chocolate 45g
/home/palm/PycharmProjects/seven/data1/0/152.jpg,605,684,966,1041,Ferrero 37.5g
/home/palm/PycharmProjects/seven/data1/0/152.jpg,1,1029,1080,1667,Ferrero 100g
/home/palm/PycharmProjects/seven/data1/0/152.jpg,314,555,736,1037,Ferrero 62.5g
/home/palm/PycharmProjects/seven/data1/0/209.jpg,306,841,1080,1481,Nescafe_blend'nbrew_rich_aroma_157.5g
/home/palm/PycharmProjects/seven/data1/0/209.jpg,1,540,342,1039,Birdy 3 in 1 robusta 62g
/home/palm/PycharmProjects/seven/data1/0/61.jpg,539,576,869,878,Abacus pink 30g
/home/palm/PycharmProjects/seven/data1/0/61.jpg,295,959,651,1321,Abacus yellow 30g
/home/palm/PycharmProjects/seven/data1/0/61.jpg,1,279,556,743,Almond_Fried_56G
/home/palm/PycharmProjects/seven/data1/0/61.jpg,1,1155,244,1370,Abacus stick 15g
/home/palm/PycharmProjects/seven/data1/0/61.jpg,1,948,255,1122,Almond_bar
/home/palm/PycharmProjects/seven/data1/0/256.jpg,32,143,647,565,Pocky macha 45g
/home/palm/PycharmProjects/seven/data1/0/256.jpg,491,413,1008,1058,Pocky cookie and cream 45g
/home/palm/PycharmProjects/seven/data1/0/256.jpg,57,770,686,1503,Lay_ori_27g
/home/palm/PycharmProjects/seven/data1/0/256.jpg,1,527,200,891,Pocky chocolate 45g
/home/palm/PycharmProjects/seven/data1/0/287.jpg,355,521,820,682,Break SUPA 30g
/home/palm/PycharmProjects/seven/data1/0/287.jpg,94,545,380,867,Jolly bear 25g
/home/palm/PycharmProjects/seven/data1/0/287.jpg,330,679,694,973,Take-it Black
/home/palm/PycharmProjects/seven/data1/0/287.jpg,582,613,786,957,Mentos fruit 37g
/home/palm/PycharmProjects/seven/data1/0/287.jpg,842,673,950,1073,Mentos mint 37g
/home/palm/PycharmProjects/seven/data1/0/287.jpg,932,789,1080,1301,Mentos sour mix 37g
/home/palm/PycharmProjects/seven/data1/0/287.jpg,185,909,1075,1920,Lay_ori_27g
/home/palm/PycharmProjects/seven/data1/0/9.jpg,82,475,464,949,Take-it Black
/home/palm/PycharmProjects/seven/data1/0/9.jpg,294,687,838,1285,Kitkat thai tea
/home/palm/PycharmProjects/seven/data1/0/9.jpg,590,477,1080,1156,Kitkat red 35g
/home/palm/PycharmProjects/seven/data1/0/9.jpg,424,1,1024,597,Kitkat green tea 35g
/home/palm/PycharmProjects/seven/data1/0/9.jpg,171,14,599,576,Take-it Red
/home/palm/PycharmProjects/seven/data1/0/183.jpg,308,1,875,421,Jolly cola 25g
/home/palm/PycharmProjects/seven/data1/0/183.jpg,270,327,1060,1235,Moccona Trio rich and smooth 90g
/home/palm/PycharmProjects/seven/data1/0/183.jpg,14,195,331,713,Jolly bear 25g
/home/palm/PycharmProjects/seven/data1/0/184.jpg,268,560,964,1305,Moccona Trio rich and smooth 90g
/home/palm/PycharmProjects/seven/data1/0/97.jpg,646,828,943,1360,Break 23.5g
/home/palm/PycharmProjects/seven/data1/0/97.jpg,149,357,502,890,Hershey's creamy milk 40g
/home/palm/PycharmProjects/seven/data1/0/97.jpg,440,465,894,923,Break SUPA 30g
/home/palm/PycharmProjects/seven/data1/0/97.jpg,1,855,389,1389,Kitkat green tea 35g
/home/palm/PycharmProjects/seven/data1/0/97.jpg,254,911,610,1653,Milo choco bar 15g
/home/palm/PycharmProjects/seven/data1/0/169.jpg,583,983,1077,1622,Jolly bear 25g
/home/palm/PycharmProjects/seven/data1/0/310.jpg,396,447,989,1026,Lay_ori_27g
/home/palm/PycharmProjects/seven/data1/0/310.jpg,142,718,482,1129,Birdy robusta can 180ml
/home/palm/PycharmProjects/seven/data1/0/102.jpg,440,449,998,877,Break 23.5g
/home/palm/PycharmProjects/seven/data1/0/102.jpg,205,875,606,1329,Kitkat green tea 35g
/home/palm/PycharmProjects/seven/data1/0/102.jpg,112,173,676,557,Hershey's creamy milk 40g
/home/palm/PycharmProjects/seven/data1/0/102.jpg,232,4,808,240,Milo choco bar 15g
/home/palm/PycharmProjects/seven/data1/0/3.jpg,100,1,493,509,Take-it Black
/home/palm/PycharmProjects/seven/data1/0/3.jpg,296,237,752,857,Take-it Red
/home/palm/PycharmProjects/seven/data1/0/3.jpg,206,785,498,1329,Kitkat thai tea
/home/palm/PycharmProjects/seven/data1/0/3.jpg,480,745,1080,1423,Kitkat red 35g
/home/palm/PycharmProjects/seven/data1/0/3.jpg,630,265,1080,989,Kitkat green tea 35g
/home/palm/PycharmProjects/seven/data1/0/218.jpg,322,502,838,882,Milo serials box 25g
/home/palm/PycharmProjects/seven/data1/0/218.jpg,346,870,1080,1625,Moccona Trio Gold 100g
/home/palm/PycharmProjects/seven/data1/0/218.jpg,1,461,312,738,Kellogg's corn flakes 25g
/home/palm/PycharmProjects/seven/data1/0/69.jpg,172,549,544,995,Halls mentho-lyptus 22.4g
/home/palm/PycharmProjects/seven/data1/0/69.jpg,173,225,761,849,Hershey's creamy milk 40g
/home/palm/PycharmProjects/seven/data1/0/69.jpg,1,949,336,1163,Abacus stick 15g
/home/palm/PycharmProjects/seven/data1/0/69.jpg,278,1171,638,1583,Abacus yellow 30g
/home/palm/PycharmProjects/seven/data1/0/69.jpg,443,1,964,289,Halls rasp 22.4g
/home/palm/PycharmProjects/seven/data1/0/273.jpg,78,1029,447,1573,Koko_krunch_box_25g
/home/palm/PycharmProjects/seven/data1/0/273.jpg,494,843,1080,1593,Milo serials box 25g
/home/palm/PycharmProjects/seven/data1/0/273.jpg,53,635,550,1047,Kellogg's corn flakes 25g
/home/palm/PycharmProjects/seven/data1/0/273.jpg,189,1,600,624,Pocky strawberry 45g
/home/palm/PycharmProjects/seven/data1/0/273.jpg,560,1,1080,801,Pocky chocolate 45g
/home/palm/PycharmProjects/seven/data1/0/16.jpg,1,713,130,1014,Kitkat green tea 35g
/home/palm/PycharmProjects/seven/data1/0/16.jpg,1,425,368,729,Kitkat red 35g
/home/palm/PycharmProjects/seven/data1/0/16.jpg,292,449,624,841,Take-it Red
/home/palm/PycharmProjects/seven/data1/0/16.jpg,46,829,580,1371,Take-it Black
/home/palm/PycharmProjects/seven/data1/0/16.jpg,638,687,1080,1168,Ferrero 37.5g
/home/palm/PycharmProjects/seven/data1/0/16.jpg,506,1033,1080,1517,Break 23.5g
/home/palm/PycharmProjects/seven/data1/0/16.jpg,166,1245,752,1817,Kitkat thai tea
/home/palm/PycharmProjects/seven/data1/0/200.jpg,1,520,226,787,Nescafe_blend'nbrew_espresso_157.5g
/home/palm/PycharmProjects/seven/data1/0/231.jpg,346,902,1080,1771,Moccona Trio rich and smooth 90g
/home/palm/PycharmProjects/seven/data1/0/231.jpg,36,1,494,601,Khao shong 3 in 1 super rich 100g
/home/palm/PycharmProjects/seven/data1/0/231.jpg,1,672,411,1437,Khao shong 3 in 1 espresso 90g
/home/palm/PycharmProjects/seven/data1/0/231.jpg,502,1,1080,927,Moccona Trio Espresso 90g
/home/palm/PycharmProjects/seven/data1/0/284.jpg,352,491,814,695,Break SUPA 30g
/home/palm/PycharmProjects/seven/data1/0/284.jpg,210,905,1080,1829,Lay_ori_27g
/home/palm/PycharmProjects/seven/data1/0/284.jpg,327,645,662,904,Abacus pink 30g
/home/palm/PycharmProjects/seven/data1/0/284.jpg,671,699,1034,944,Abacus yellow 30g
/home/palm/PycharmProjects/seven/data1/0/219.jpg,355,124,1077,818,Milo serials box 25g
/home/palm/PycharmProjects/seven/data1/0/219.jpg,422,843,1080,1673,Moccona Trio Gold 100g
/home/palm/PycharmProjects/seven/data1/0/219.jpg,6,213,444,735,Kellogg's corn flakes 25g
/home/palm/PycharmProjects/seven/data1/0/146.jpg,368,465,761,926,Ferrero 62.5g
/home/palm/PycharmProjects/seven/data1/0/146.jpg,821,576,1024,911,Ferrero 37.5g
/home/palm/PycharmProjects/seven/data1/0/146.jpg,1,889,1080,1537,Ferrero 100g
/home/palm/PycharmProjects/seven/data1/0/239.jpg,587,623,1080,1057,Khao shong 3 in 1 espresso 90g
/home/palm/PycharmProjects/seven/data1/0/239.jpg,1,649,584,1040,Nescafe_blend'nbrew_rich_aroma_157.5g
/home/palm/PycharmProjects/seven/data1/0/239.jpg,1,1046,966,1623,Birdy 3 in 1 robusta 62g
/home/palm/PycharmProjects/seven/data1/0/239.jpg,1,431,538,633,Moccona Trio rich and smooth 90g
/home/palm/PycharmProjects/seven/data1/0/233.jpg,1,952,1080,1531,Birdy 3 in 1 robusta 62g
/home/palm/PycharmProjects/seven/data1/0/233.jpg,516,540,1050,1027,Nescafe_blend'nbrew_rich_aroma_157.5g
/home/palm/PycharmProjects/seven/data1/0/233.jpg,1,405,438,624,Moccona Trio rich and smooth 90g
/home/palm/PycharmProjects/seven/data1/0/233.jpg,1,603,304,1039,Khao shong 3 in 1 espresso 90g
/home/palm/PycharmProjects/seven/data1/0/174.jpg,223,1,490,323,Jolly bear 25g
/home/palm/PycharmProjects/seven/data1/0/14.jpg,176,587,466,827,Kitkat red 35g
/home/palm/PycharmProjects/seven/data1/0/14.jpg,1,607,162,829,Kitkat green tea 35g
/home/palm/PycharmProjects/seven/data1/0/14.jpg,302,619,660,917,Take-it Red
/home/palm/PycharmProjects/seven/data1/0/14.jpg,1,821,406,1234,Take-it Black
/home/palm/PycharmProjects/seven/data1/0/14.jpg,650,765,1080,1195,Ferrero 37.5g
/home/palm/PycharmProjects/seven/data1/0/14.jpg,398,997,1056,1495,Break 23.5g
/home/palm/PycharmProjects/seven/data1/0/14.jpg,52,1153,811,1920,Kitkat thai tea
/home/palm/PycharmProjects/seven/data1/0/204.jpg,345,130,1080,1137,Nescafe_blend'nbrew_espresso_157.5g
/home/palm/PycharmProjects/seven/data1/0/43.jpg,178,1217,756,1647,Break 23.5g
/home/palm/PycharmProjects/seven/data1/0/43.jpg,1,989,334,1235,Ferrero 37.5g
/home/palm/PycharmProjects/seven/data1/0/43.jpg,402,511,756,1203,Ferrero 62.5g
/home/palm/PycharmProjects/seven/data1/0/43.jpg,666,567,1002,1189,Almond_bar
/home/palm/PycharmProjects/seven/data1/0/43.jpg,1,551,530,924,Ferrero 100g
/home/palm/PycharmProjects/seven/data1/0/43.jpg,1,367,328,620,Kitkat green tea 35g
/home/palm/PycharmProjects/seven/data1/0/227.jpg,124,975,971,1899,Moccona Trio rich and smooth 90g
/home/palm/PycharmProjects/seven/data1/0/227.jpg,341,541,884,953,Moccona Trio Espresso 90g
/home/palm/PycharmProjects/seven/data1/0/227.jpg,1,430,591,677,Khao shong 3 in 1 super rich 100g
/home/palm/PycharmProjects/seven/data1/0/11.jpg,318,1085,1022,1545,Kitkat thai tea
/home/palm/PycharmProjects/seven/data1/0/11.jpg,1,951,594,1386,Take-it Black
/home/palm/PycharmProjects/seven/data1/0/11.jpg,326,717,666,999,Kitkat green tea 35g
/home/palm/PycharmProjects/seven/data1/0/11.jpg,638,813,1080,1218,Kitkat red 35g
/home/palm/PycharmProjects/seven/data1/0/11.jpg,286,579,786,781,Take-it Red
/home/palm/PycharmProjects/seven/data1/0/139.jpg,310,556,615,869,Abacus stick 15g
/home/palm/PycharmProjects/seven/data1/0/139.jpg,278,951,816,1298,Mentos sour mix 37g
/home/palm/PycharmProjects/seven/data1/0/139.jpg,640,356,775,840,Mentos mint 37g
/home/palm/PycharmProjects/seven/data1/0/139.jpg,178,633,536,1073,Mentos fruit 37g
/home/palm/PycharmProjects/seven/data1/0/246.jpg,1,330,510,857,Pocky macha 45g
/home/palm/PycharmProjects/seven/data1/0/246.jpg,15,730,652,1329,Pocky chocolate 45g
/home/palm/PycharmProjects/seven/data1/0/246.jpg,495,164,1080,1103,Pocky cookie and cream 45g
/home/palm/PycharmProjects/seven/data1/0/134.jpg,72,509,252,856,Mentos mint 37g
/home/palm/PycharmProjects/seven/data1/0/134.jpg,220,725,448,1210,Mentos sour mix 37g
/home/palm/PycharmProjects/seven/data1/0/134.jpg,309,611,846,718,Mentos fruit 37g
/home/palm/PycharmProjects/seven/data1/0/248.jpg,438,550,985,1015,Pocky cookie and cream 45g
/home/palm/PycharmProjects/seven/data1/0/248.jpg,1,609,467,895,Pocky chocolate 45g
/home/palm/PycharmProjects/seven/data1/0/248.jpg,1,473,326,635,Pocky macha 45g
/home/palm/PycharmProjects/seven/data1/0/95.jpg,493,621,776,953,Break SUPA 30g
/home/palm/PycharmProjects/seven/data1/0/95.jpg,85,972,612,1817,Milo choco bar 15g
/home/palm/PycharmProjects/seven/data1/0/95.jpg,747,932,1053,1435,Break 23.5g
/home/palm/PycharmProjects/seven/data1/0/95.jpg,1,617,424,1217,Milo nuggets 30g
/home/palm/PycharmProjects/seven/data1/0/95.jpg,108,540,607,790,Hershey's creamy milk 40g
/home/palm/PycharmProjects/seven/data1/0/87.jpg,61,648,472,1237,Milo nuggets 30g
/home/palm/PycharmProjects/seven/data1/0/87.jpg,200,428,704,719,Ferrero 37.5g
/home/palm/PycharmProjects/seven/data1/0/87.jpg,494,304,1080,1144,Milo choco bar 15g
/home/palm/PycharmProjects/seven/data1/0/87.jpg,186,49,824,555,Almond_bar
/home/palm/PycharmProjects/seven/data1/0/87.jpg,116,1,645,463,Hershey's creamy milk 40g
/home/palm/PycharmProjects/seven/data1/0/305.jpg,726,433,1080,1001,Birdy robusta can 180ml
/home/palm/PycharmProjects/seven/data1/0/305.jpg,528,351,836,657,Lay_ori_27g
/home/palm/PycharmProjects/seven/data1/0/25.jpg,94,495,548,781,Kitkat red 35g
/home/palm/PycharmProjects/seven/data1/0/25.jpg,1,713,392,1120,Kitkat green tea 35g
/home/palm/PycharmProjects/seven/data1/0/25.jpg,480,573,988,985,Take-it Red
/home/palm/PycharmProjects/seven/data1/0/25.jpg,684,835,1072,1353,Break 23.5g
/home/palm/PycharmProjects/seven/data1/0/25.jpg,138,917,598,1377,Ferrero 37.5g
/home/palm/PycharmProjects/seven/data1/0/25.jpg,314,1225,924,1801,Kitkat thai tea
/home/palm/PycharmProjects/seven/data1/0/188.jpg,1,924,1080,1647,Moccona Trio rich and smooth 90g
/home/palm/PycharmProjects/seven/data1/0/38.jpg,352,641,896,905,Almond_bar
/home/palm/PycharmProjects/seven/data1/0/38.jpg,1,685,374,903,Kitkat green tea 35g
/home/palm/PycharmProjects/seven/data1/0/38.jpg,1,795,390,1111,Ferrero 37.5g
/home/palm/PycharmProjects/seven/data1/0/38.jpg,472,833,1006,1255,Break 23.5g
/home/palm/PycharmProjects/seven/data1/0/38.jpg,284,1005,978,1651,Break SUPA 30g
/home/palm/PycharmProjects/seven/data1/0/167.jpg,721,861,1077,1349,Jolly bear 25g
/home/palm/PycharmProjects/seven/data1/1/1.jpg,268,921,689,1417,Take-it Red
/home/palm/PycharmProjects/seven/data1/1/1.jpg,519,450,977,969,Kitkat green tea 35g
/home/palm/PycharmProjects/seven/data1/1/1.jpg,129,178,382,545,Kitkat red 35g
/home/palm/PycharmProjects/seven/data1/1/1.jpg,343,130,740,658,Take-it Black
/home/palm/PycharmProjects/seven/data1/1/1.jpg,64,585,313,931,Kitkat red 35g
/home/palm/PycharmProjects/seven/data1/1/13.jpg,17,1302,390,1624,United Almond 19g
/home/palm/PycharmProjects/seven/data1/1/13.jpg,330,1337,780,1843,Kitkat green tea 35g
/home/palm/PycharmProjects/seven/data1/1/13.jpg,32,526,388,927,Break SUPA 30g
/home/palm/PycharmProjects/seven/data1/1/13.jpg,403,531,727,901,Abacus pink 30g
/home/palm/PycharmProjects/seven/data1/1/13.jpg,457,1064,1012,1330,Ferrero 37.5g
/home/palm/PycharmProjects/seven/data1/1/13.jpg,73,877,255,1331,Break 23.5g
/home/palm/PycharmProjects/seven/data1/1/18.jpg,396,620,731,871,Kitkat green tea 35g
/home/palm/PycharmProjects/seven/data1/1/18.jpg,154,313,336,522,Abacus pink 30g
/home/palm/PycharmProjects/seven/data1/1/18.jpg,285,479,626,654,Ferrero 37.5g
/home/palm/PycharmProjects/seven/data1/1/18.jpg,39,691,302,919,Break 23.5g
/home/palm/PycharmProjects/seven/data1/1/18.jpg,180,813,404,1241,United Almond 19g
/home/palm/PycharmProjects/seven/data1/1/18.jpg,29,491,273,716,Break SUPA 30g
/home/palm/PycharmProjects/seven/data1/1/4.jpg,16,727,246,1118,Kitkat red 35g
/home/palm/PycharmProjects/seven/data1/1/4.jpg,436,1380,884,1744,Kitkat green tea 35g
/home/palm/PycharmProjects/seven/data1/1/4.jpg,358,396,664,899,Kitkat red 35g
/home/palm/PycharmProjects/seven/data1/1/4.jpg,405,881,924,1323,Take-it Black
/home/palm/PycharmProjects/seven/data1/1/4.jpg,210,1161,435,1646,Take-it Red
/home/palm/PycharmProjects/seven/data1/1/4.jpg,188,635,400,1013,Break 23.5g
/home/palm/PycharmProjects/seven/data1/1/8.jpg,241,1352,700,1805,Kitkat red 35g
/home/palm/PycharmProjects/seven/data1/1/8.jpg,1,1190,434,1523,Take-it Red
/home/palm/PycharmProjects/seven/data1/1/8.jpg,774,1247,1080,1622,Kitkat green tea 35g
/home/palm/PycharmProjects/seven/data1/1/8.jpg,496,1097,798,1314,Take-it Black
/home/palm/PycharmProjects/seven/data1/1/8.jpg,276,977,548,1143,Break 23.5g
/home/palm/PycharmProjects/seven/data1/1/8.jpg,142,933,280,1187,Ferrero 37.5g
/home/palm/PycharmProjects/seven/data1/1/8.jpg,137,677,462,925,Hand!!!!
/home/palm/PycharmProjects/seven/data1/1/8.jpg,493,947,758,1109,Kitkat red 35g
/home/palm/PycharmProjects/seven/data1/1/20.jpg,441,1030,838,1491,Ferrero 100g
/home/palm/PycharmProjects/seven/data1/1/20.jpg,85,1174,366,1647,United Almond 19g
/home/palm/PycharmProjects/seven/data1/1/20.jpg,336,1471,978,1833,Kitkat green tea 35g
/home/palm/PycharmProjects/seven/data1/1/20.jpg,1,871,382,1161,Hand!!!!
/home/palm/PycharmProjects/seven/data1/1/20.jpg,726,1046,1080,1294,Ferrero 37.5g
/home/palm/PycharmProjects/seven/data1/1/20.jpg,336,967,682,1069,Break 23.5g
/home/palm/PycharmProjects/seven/data1/1/20.jpg,300,1129,496,1377,Ferrero 62.5g
/home/palm/PycharmProjects/seven/data1/1/15.jpg,388,1054,660,1498,United Almond 19g
/home/palm/PycharmProjects/seven/data1/1/15.jpg,632,522,893,906,Ferrero 37.5g
/home/palm/PycharmProjects/seven/data1/1/15.jpg,384,508,564,756,Abacus pink 30g
/home/palm/PycharmProjects/seven/data1/1/15.jpg,626,904,970,1133,Kitkat green tea 35g
/home/palm/PycharmProjects/seven/data1/1/15.jpg,250,717,430,883,Break SUPA 30g
/home/palm/PycharmProjects/seven/data1/1/15.jpg,244,919,364,1049,Break 23.5g
/home/palm/PycharmProjects/seven/data1/1/10.jpg,301,947,694,1354,Ferrero 37.5g
/home/palm/PycharmProjects/seven/data1/1/10.jpg,378,1357,840,1697,Kitkat green tea 35g
/home/palm/PycharmProjects/seven/data1/1/10.jpg,313,377,629,725,Abacus pink 30g
/home/palm/PycharmProjects/seven/data1/1/10.jpg,6,1005,286,1234,Break 23.5g
/home/palm/PycharmProjects/seven/data1/1/10.jpg,38,721,383,1013,Break SUPA 30g
/home/palm/PycharmProjects/seven/data1/1/10.jpg,1,1317,371,1532,United Almond 19g
/home/palm/PycharmProjects/seven/data1/1/22.jpg,605,602,1080,1039,Ferrero 62.5g
/home/palm/PycharmProjects/seven/data1/1/22.jpg,123,412,430,805,Break 23.5g
/home/palm/PycharmProjects/seven/data1/1/22.jpg,227,706,838,1507,Ferrero 100g
/home/palm/PycharmProjects/seven/data1/1/22.jpg,487,1487,962,1864,Kitkat green tea 35g
/home/palm/PycharmProjects/seven/data1/1/22.jpg,15,931,436,1511,Ferrero 62.5g
/home/palm/PycharmProjects/seven/data1/1/22.jpg,196,1471,456,1717,United Almond 19g
/home/palm/PycharmProjects/seven/data1/1/19.jpg,605,603,1080,1039,Ferrero 37.5g
/home/palm/PycharmProjects/seven/data1/1/19.jpg,130,411,437,808,Break 23.5g
/home/palm/PycharmProjects/seven/data1/1/19.jpg,255,780,903,1510,Ferrero 100g
/home/palm/PycharmProjects/seven/data1/1/19.jpg,482,1482,961,1866,Kitkat green tea 35g
/home/palm/PycharmProjects/seven/data1/1/19.jpg,203,1340,475,1723,United Almond 19g
/home/palm/PycharmProjects/seven/data1/1/19.jpg,1,838,318,1351,Ferrero 62.5g
/home/palm/PycharmProjects/seven/data1/1/23.jpg,425,1013,988,1487,Ferrero 100g
/home/palm/PycharmProjects/seven/data1/1/23.jpg,338,1471,979,1829,Kitkat green tea 35g
/home/palm/PycharmProjects/seven/data1/1/23.jpg,67,1116,374,1658,United Almond 19g
/home/palm/PycharmProjects/seven/data1/1/23.jpg,734,1046,1080,1289,Ferrero 37.5g
/home/palm/PycharmProjects/seven/data1/1/23.jpg,181,972,518,1453,Ferrero 62.5g
/home/palm/PycharmProjects/seven/data1/1/23.jpg,326,957,696,1063,Break 23.5g
/home/palm/PycharmProjects/seven/data1/1/21.jpg,226,495,702,792,Ferrero 100g
/home/palm/PycharmProjects/seven/data1/1/21.jpg,343,273,720,458,Ferrero 37.5g
/home/palm/PycharmProjects/seven/data1/1/21.jpg,601,701,906,1062,Kitkat green tea 35g
/home/palm/PycharmProjects/seven/data1/1/21.jpg,31,778,332,1350,Hand!!!!
/home/palm/PycharmProjects/seven/data1/1/21.jpg,43,381,230,689,Break 23.5g
/home/palm/PycharmProjects/seven/data1/1/21.jpg,308,896,587,1114,United Almond 19g
/home/palm/PycharmProjects/seven/data1/1/21.jpg,1,747,452,909,Ferrero 62.5g
/home/palm/PycharmProjects/seven/data1/1/12.jpg,360,1062,642,1447,United Almond 19g
/home/palm/PycharmProjects/seven/data1/1/12.jpg,666,799,946,1136,Kitkat green tea 35g
/home/palm/PycharmProjects/seven/data1/1/12.jpg,172,745,492,1011,Break SUPA 30g
/home/palm/PycharmProjects/seven/data1/1/12.jpg,259,469,481,714,Abacus pink 30g
/home/palm/PycharmProjects/seven/data1/1/12.jpg,226,963,500,1187,Break 23.5g
/home/palm/PycharmProjects/seven/data1/1/12.jpg,531,626,685,1017,Ferrero 37.5g
/home/palm/PycharmProjects/seven/data1/1/6.jpg,709,771,1044,1137,Kitkat green tea 35g
/home/palm/PycharmProjects/seven/data1/1/6.jpg,318,517,575,751,Kitkat red 35g
/home/palm/PycharmProjects/seven/data1/1/6.jpg,544,589,818,923,Take-it Black
/home/palm/PycharmProjects/seven/data1/1/6.jpg,196,873,403,1071,Kitkat red 35g
/home/palm/PycharmProjects/seven/data1/1/6.jpg,470,943,759,1253,Take-it Red
/home/palm/PycharmProjects/seven/data1/1/6.jpg,258,735,466,913,Break 23.5g
/home/palm/PycharmProjects/seven/data1/1/2.jpg,431,1166,949,1411,Kitkat green tea 35g
/home/palm/PycharmProjects/seven/data1/1/2.jpg,499,973,925,1163,Take-it Black
/home/palm/PycharmProjects/seven/data1/1/2.jpg,63,860,332,1076,Kitkat red 35g
/home/palm/PycharmProjects/seven/data1/1/2.jpg,1,1093,281,1582,Take-it Red
/home/palm/PycharmProjects/seven/data1/1/2.jpg,376,826,687,1010,Kitkat red 35g
/home/palm/PycharmProjects/seven/data1/1/5.jpg,1,1176,437,1577,Take-it Red
/home/palm/PycharmProjects/seven/data1/1/5.jpg,355,1390,956,1735,Kitkat green tea 35g
/home/palm/PycharmProjects/seven/data1/1/5.jpg,126,975,447,1172,Kitkat red 35g
/home/palm/PycharmProjects/seven/data1/1/5.jpg,520,1174,992,1395,Take-it Black
/home/palm/PycharmProjects/seven/data1/1/5.jpg,376,983,554,1187,Break 23.5g
/home/palm/PycharmProjects/seven/data1/1/5.jpg,572,994,811,1185,Kitkat red 35g
/home/palm/PycharmProjects/seven/data1/1/7.jpg,692,1029,1065,1611,Kitkat green tea 35g
/home/palm/PycharmProjects/seven/data1/1/7.jpg,243,275,548,706,Kitkat red 35g
/home/palm/PycharmProjects/seven/data1/1/7.jpg,379,708,678,1240,Take-it Black
/home/palm/PycharmProjects/seven/data1/1/7.jpg,132,624,357,971,Break 23.5g
/home/palm/PycharmProjects/seven/data1/1/7.jpg,1,736,207,1195,Ferrero 37.5g
/home/palm/PycharmProjects/seven/data1/1/7.jpg,431,1322,686,1839,Kitkat red 35g
/home/palm/PycharmProjects/seven/data1/1/7.jpg,160,1135,420,1634,Take-it Red
/home/palm/PycharmProjects/seven/data1/1/17.jpg,417,1232,878,1583,Kitkat green tea 35g
/home/palm/PycharmProjects/seven/data1/1/17.jpg,554,1073,921,1327,Ferrero 37.5g
/home/palm/PycharmProjects/seven/data1/1/17.jpg,1,1193,444,1365,United Almond 19g
/home/palm/PycharmProjects/seven/data1/1/17.jpg,186,1013,392,1216,Break 23.5g
/home/palm/PycharmProjects/seven/data1/1/17.jpg,585,969,806,1111,Abacus pink 30g
/home/palm/PycharmProjects/seven/data1/1/17.jpg,373,943,596,1159,Break SUPA 30g
/home/palm/PycharmProjects/seven/data1/1/9.jpg,698,584,1036,852,Kitkat green tea 35g
/home/palm/PycharmProjects/seven/data1/1/9.jpg,684,873,1006,1229,Kitkat red 35g
/home/palm/PycharmProjects/seven/data1/1/9.jpg,166,935,422,1105,Ferrero 37.5g
/home/palm/PycharmProjects/seven/data1/1/9.jpg,420,601,698,900,Take-it Black
/home/palm/PycharmProjects/seven/data1/1/9.jpg,195,536,458,736,Kitkat red 35g
/home/palm/PycharmProjects/seven/data1/1/9.jpg,453,966,700,1317,Take-it Red
/home/palm/PycharmProjects/seven/data1/1/9.jpg,12,687,256,921,Hand!!!!
/home/palm/PycharmProjects/seven/data1/1/9.jpg,194,779,442,907,Break 23.5g
/home/palm/PycharmProjects/seven/data1/1/3.jpg,639,688,897,1044,Kitkat green tea 35g
/home/palm/PycharmProjects/seven/data1/1/3.jpg,196,587,428,858,Kitkat red 35g
/home/palm/PycharmProjects/seven/data1/1/3.jpg,451,1062,826,1445,Take-it Red
/home/palm/PycharmProjects/seven/data1/1/3.jpg,197,900,439,1135,Kitkat red 35g
/home/palm/PycharmProjects/seven/data1/1/3.jpg,422,539,700,863,Take-it Black
/home/palm/PycharmProjects/seven/data1/1/16.jpg,10,1168,395,1487,United Almond 19g
/home/palm/PycharmProjects/seven/data1/1/16.jpg,332,389,641,744,Abacus pink 30g
/home/palm/PycharmProjects/seven/data1/1/16.jpg,362,867,784,1207,Ferrero 37.5g
/home/palm/PycharmProjects/seven/data1/1/16.jpg,387,1126,818,1597,Kitkat green tea 35g
/home/palm/PycharmProjects/seven/data1/1/16.jpg,94,797,298,1159,Break 23.5g
/home/palm/PycharmProjects/seven/data1/1/16.jpg,129,457,420,935,Break SUPA 30g
/home/palm/PycharmProjects/seven/data1/1/14.jpg,203,1363,813,1816,Kitkat green tea 35g
/home/palm/PycharmProjects/seven/data1/1/14.jpg,586,1218,1080,1440,Ferrero 37.5g
/home/palm/PycharmProjects/seven/data1/1/14.jpg,295,911,592,1126,Break SUPA 30g
/home/palm/PycharmProjects/seven/data1/1/14.jpg,47,1024,315,1271,Break 23.5g
/home/palm/PycharmProjects/seven/data1/1/14.jpg,585,1002,887,1196,Abacus pink 30g
/home/palm/PycharmProjects/seven/data1/1/14.jpg,1,1248,328,1442,United Almond 19g
/home/palm/PycharmProjects/seven/data1/1/11.jpg,302,1372,882,1697,Kitkat green tea 35g
/home/palm/PycharmProjects/seven/data1/1/11.jpg,164,975,573,1166,Break SUPA 30g
/home/palm/PycharmProjects/seven/data1/1/11.jpg,393,1147,877,1352,Ferrero 37.5g
/home/palm/PycharmProjects/seven/data1/1/11.jpg,568,961,822,1126,Abacus pink 30g
/home/palm/PycharmProjects/seven/data1/1/11.jpg,1,1049,346,1240,Break 23.5g
/home/palm/PycharmProjects/seven/data1/1/11.jpg,1,1237,330,1445,United Almond 19g
